"COD_PROCEDIMENTO";"PROCEDIMENTO"
"20459";"FLEBOGRAFIA RENAL"
"7";"TIREOIDECTOMIA TOTAL COM ESVAZIAMENTO GANGLIONAR"
"8";"PARATIREOIDECTOMIA"
"10";"BIOPSIA DE TIREOIDE OU PARATIREOIDE - PAAF"
"11";"AUTONOMIZACAO DE RETALHO"
"1377";"EXERESE NEOPLASIA MALIG MI C/LINF ASSOC."
"247";"EXERESE DE CORPO ESTRANHO/CORNEA"
"1403";"FIXACAO EXTERNA FRATURA EXPOSTA TIBIA"
"1383";"RELEASE PATELAR"
"1407";"EXERESE DE TUMOR CUTANEO"
"1468";"URETROPLASTIA HETEROGENA"
"1397";"CORRECAO CIRURGICA DE FISTULA VESICOVAGINAL"
"1346";"ESFINCTEROPLASTIA ANAL"
"1393";"COLPOPERINEOPLASTIA"
"1345";"MIOMECTOMIA"
"1417";"ENUCLEACAO"
"1305";"PROCTOPLASTIA E PROTORRAFIA POR VIA PERI"
"1334";"EXPLORACAO VAGINAL"
"1356";"TRATAMENTO CIRURGICO DE IMPERF MEMBRANO"
"1353";"PLASTICA ANAL EXTERNA"
"1418";"DRENAGEM DE ABSCESSO"
"1370";"REVASCULARIZACAO MIOCARDIO C/ CEC"
"1358";"INCISAO DE LESAO ANAL"
"1359";"CRIPTECTOMIA UNA OU MULTIPLA"
"1371";"VESICOLITOTRIPSIA"
"1367";"TRATAMENTO CIRURGICO DO ILEO MECONIAL"
"1372";"DRENAGEM BILIAR TRANS-CUTANEA COM ECOGRAFIA"
"1373";"RESSECCAO DE LESAO MALIGNA ABDOMINAL"
"1297";"TRATAMENTO CIRURGICO DA AUSENCIA RETO"
"1304";"EXERESE E DRENAGEM DE ABSCESSO SUBMUC RETO"
"1364";"BIOPSIA DE LESAO ANAL"
"1350";"ESFINCTEROTOMIA ANAL"
"1380";"RESSECCAO DE NEO MALIGNA RETROPERITONEAL"
"2";"TIREOIDECTOMIA TOTAL"
"1349";"FISTULECTOMIA ANAL"
"6";"TIREOIDECTOMIA PARCIAL"
"1335";"EXERESE DE CISTO DE BARTHOLIN"
"4";"EXERESE DE TUMOR DE PELE E ANEXOS  CISTO SEBACEO  LIPOMA"
"1301";"DIVERTICULECTOMIA DOS INTESTINOS"
"1321";"BYPASS ARTO-FEMORAL"
"1310";"CORRECAO CIRURGICA DE FISTULA RETO VAGINAL"
"1938";"EXERESE DE TUMOR ODONTOLOGICO"
"1314";"NEUROLISE PLEXOBRAQUIAL"
"1937";"FECHAMENTO DE FISTULA ESOFAGICA"
"1850";"EXERESE OSTEOCONDROMA"
"1898";"NEUROLISE"
"1919";"EXERESE DE TUMOR REGIAO POPITTEO DIR."
"1920";"FECHAMENTO DE FISTULA URETRO CUTANEA"
"1928";"BYPASS FEMORO-POPLITEO"
"2792";"SUPRARRENALECTOMIA  EM ONCOLOGIA"
"1932";"OSTEOSSINTESE DE COTOVELO"
"1927";"OSTEOSSINTESE DE RADIO"
"1930";"IRIDECTOMIA"
"1846";"WERTTEIM_ MEIGS"
"1859";"CATETERISMO URETRAL PERCUTANEO"
"1852";"EXERESE DE DUPLO J"
"1354";"TRATAMENTO CIRURGICO DA ANOMALIA ANO-RETAL"
"1311";"EXERESE DE CISTO PILONIDAL"
"1868";"BYPASS ILIACO-FEMORAL"
"1872";"JANELA PLEURO-PERICARDICA"
"1874";"BYPASS SUBCLAVIA-SUBCLAVIO"
"1875";"BYPASS CAROTIDEA-SUBCLAVIO"
"2883";"TRATAMENTO CIRURGICO DE OSTEOMIELITE DO CRANIO"
"1780";"MANIPULACAO JOELHO"
"1761";"MANIPULACAO DO BRACO"
"1880";"CORRECAO DE MAL-FORMACOES UTERINAS"
"1803";"REDUCAO CIRURGICA DE LUXACAO ACROMIO-CLAVICULAR"
"1885";"CERATECTOMIA"
"1792";"EXERESE DE PROTESE"
"1816";"LAVAGEM PERITONIAL"
"1798";"LITOTRIPSIA EXTRACORPOREA"
"1801";"COLOCACAO DE FIXADOR"
"1808";"TRATAMENTO CIRURGICO DA LUXACAO REC PATELA"
"1815";"COLOCACAO DE PORTOCATH"
"1811";"FRENULECTOMIA"
"1828";"CATETER EPDURAL CONTINUO"
"1744";"EMBOLECTOMIA"
"20460";"FLEBOGRAFIA DE CAVA INFERIOR"
"1838";"CORRECAO DE LUXACAO RECID PATELA"
"1757";"COLOCACAO CATETER MEDICAO PRESSAO LIQUOR"
"1760";"OSTEOSSINTESE DO PE"
"1779";"PAROTIDECTOMIA"
"1745";"BIOPSIA CRISTA ILIACA"
"1748";"PUNCAO BIOPSIA DE COLUNA"
"1797";"EXERESE DE GRANULOMA"
"1768";"MEDIASTINOSCOPIA"
"20461";"EXERESE DE GANGLIO LINFATICO"
"2884";"MICRONEUROLISE DE NERVO PERIFERICO"
"1784";"IMPLANTE COCLEAR"
"1777";"HIDROCELECTOMIA"
"1690";"MIORRAFIA"
"1705";"DESBLOQUEIO ENDOSCOPICO UNILATERAL/BILATERAL"
"1679";"MANIPULACAO CORRECAO CONTRATURA FLEXAO JOELHO"
"1729";"LARINGOFISSURA"
"1725";"OSTEOSSINTESE DO UMERO"
"1728";"LARINGOSCOPIA"
"1735";"CIRURGIA DE GRAVIDEZ ECTOPICA"
"1726";"EXERESE DE TUMOR CERVICAL"
"1709";"EXTRACAO ENDOSCOPICA DE CALCULO"
"1707";"MEATOTOMIA ENDOSCOPICA"
"1712";"MEATOTOMIA SIMPLES"
"1673";"TRATAMENTO CIRURGICO DE RUTURAS LIGAMENTARES DA MAO"
"1674";"TRATAMENTO CIRURGICO DE RUTURA APARELHO EXTENSOR"
"1666";"DRENAGEM DE ABSCESSO MAO DEDOS-TENOSINOVITES"
"1685";"REDUCAO CIRURGICA DE FRATURA PODODACTILO"
"1686";"BIOPSIA CIRURGICA DE OSSO DO PE"
"1684";"FASCIOTOMIA PLANTAR"
"1605";"EXERESE DE GLANDULA DE SKENE"
"1610";"DILATACAO DE COLO UTERINO"
"1611";"EXERESE DE POLIPO UTERINO"
"1632";"BLEFARORRAFIA DEFINITIVA"
"1620";"EXERESE DE PTERIGIO"
"1623";"PARACENTESE DE CAMARA ANTERIOR C/LAVAGEM"
"1629";"CRIOCICLOTERAPIA"
"1639";"TAMPONAMENTO ANTERO-POSTERIOR P/EPISTAXE"
"1718";"EXERESE DE CISTO DE EPIDIDIMO"
"1785";"RINOPLASTIA ESTETICA"
"1671";"BIOPSIA CIRURGICA DE OSSO DA MAO"
"1635";"TRATAMENTO CIRURGICO DE PERICONDRITE DE PAVILHAO"
"1640";"RESSECCAO DE SINEQUIAS"
"1564";"PUNCAO OU ASPIRACAO VESICAL"
"1568";"BIOPSIA DE BOLSA ESCROTAL"
"1571";"PUNCAO VAGINAL"
"2886";"RESSECCAO DE GLOMO TIMPANICO"
"1648";"EXERESE DE CORPO ESTRANHO DA FARINGE(HOSPITAL)"
"1585";"EXERESE E SUTURA DE HEMANGIOMA"
"1573";"DRENAGEM DE ABSCESSO DE EPIDIDIMO"
"1575";"PUNCAO EXPLORADORA DO DEFERENTE"
"20463";"TRATAMENTO CIRÚRGICO DE ATRESIA DE COANAS"
"1586";"LINFANGIOMA OU NEVOS"
"1591";"TRANSECCAO DE RETALHOS"
"2978";"RESSECCAO DE TUMOR DO DIAFRAGMA E RECONSTRUCAO (QUALQUER TECNICA)"
"1519";"PUNCAO BIOPSIA DE OSSOS"
"1601";"TRATAMENTO CIRURGICO DO PRURIDO ANAL"
"1521";"INJECOES INTRA-ARTICULARES"
"1523";"OSTEOSSINTESE PATELAR"
"1526";"INFILTRACAO SUBCONJUNTIVAL"
"1524";"DERIVACAO VENTRICULO PERITONEAL"
"1534";"BIOPSIA DE PALPEBRA"
"1541";"RECONSTITUICAO DOS PONTOS LACRIMAIS"
"1540";"SONDAGEM DAS VIAS LACRIMAIS C/ OU S/LAVAGEM"
"1567";"INCISAO E DRENAGEM DE FLEIMAO URINOSO"
"1554";"PUNCAO TRANSMEATICA PARA SEIO MAXILAR"
"1544";"DRENAGEM DE FURUNCULO C.A.E."
"1545";"DUCHA DE POLITZER - CADA (ATE 5 SESSOES)"
"1552";"CAUTERIZACAO DE EPISTAXE"
"1722";"VASECTOMIA"
"1572";"BIOPSIA DE EPIDIDIMO"
"1582";"BIOPSIA DE MANDIBULA"
"2846";"ARTRODESE TORACO-LOMBO-SACRA POSTERIOR TRES NIVEIS"
"2895";"CAPSULECTOMIA RENAL"
"831";"EXERESE E SUTURA DE LESAO DA BOCA"
"1550";"INFILTRACAO MEDICAMENTOSA EM CORNETO INFE"
"2648";"CURATIVO GRAU II COM OU SEM DEBRIDAMENTO"
"660";"FECHAMENTO DE PLEUROSTOMIA"
"1483";"LINFADENECTOMIA SUPERFICIAL"
"1485";"FULGURACAO OU CAUT.QUIM.DE LESOES CUTANEAS"
"1512";"INCISAO E DRENAGEM DE GLANDULA DE BARTHOLIN OU SKENE"
"1511";"EXTIRPACAO DE L.DE V.OU PER.(SISTR.OU FU"
"1506";"ELETROCAUTERIZACAO DE LESAO ANAL TRANSPARIET"
"1503";"DILATACAO DIG. OU INSTR. DO ANUS E/OU RETO"
"1505";"HEMORROIDAS TRAT.ESCLEROSANTE (SESSAO)"
"1513";"RESSUTURA DE EPISIORRAFIA POS-PARTO"
"1515";"EXTRACAO DE CORPO ESTRANHO DA VAGINA"
"1500";"DRENAGEM DE ABSCESSO ANO-RETAL"
"1424";"COLANGIOPANCREATOGRAFIA ENDOSCOPICA RETR"
"1431";"OSTEOSSINTESE DE TIBIA"
"1441";"LIPOASPIRACAO"
"1504";"HEMORROIDAS LIG.ELASTICA (SESSAO)"
"1447";"FIXACAO DE DEDO"
"1453";"COLEDOCOLITOTOMIA"
"1454";"ARTROSCOPIA"
"1474";"BIOPSIA DE PELE"
"1556";"BIOPSIA DE CAVUM"
"1445";"REDUCAO DE FRATURA MANDIBULA"
"20465";"TRATAMENTO COM CIRURGIAS MULTIPLAS"
"1555";"DRENAGEM DE ABSCESSO FARINGEO"
"1433";"GASTROPLASTIA"
"2888";"RESSECCAO DE TUMOR DO ACUSTICO (PELA FOSSA MEDIA)"
"2889";"COLPECTOMIA EM ONCOLOGIA"
"585";"ENXERTOS ARTERIAS (2 MEMBROS)"
"601";"CARDIORRAFIA"
"587";"FISTULA ARTERIO-VENOSA  - FAV"
"596";"BYPASS (DERIVACAO) FEMORO-FEMORAL"
"597";"BYPASS (DERIVACAO) FEMORO-TIBIAL"
"594";"NEFROSTOMIA BILATERAL"
"606";"CIRURGIA DE CORONARIA COM EXTRACORPOREA"
"609";"TROCA DA VALVA MITRAL"
"603";"DRENAGEM DO PERICARDIO"
"20467";"TRATAMENTO CIRURGICO DE FISTULA ORO SINUSAL ORO NASAL"
"605";"PERICARDIECTOMIA"
"563";"DISSECCAO DE VEIA"
"617";"VALVOPLASTIA TRICUSPIDE COM EXTRACORPOREA"
"611";"TROCA DA VALVA PULMONAR"
"612";"TROCA DA VALVA MITRAL E AORTICA"
"620";"ANEURISMECTOMIA DO VENT ESQ ASSOC A CIRURG"
"615";"VALVOPLASTIA MITRAL COM EXTRACORPOREA"
"624";"CORRECAO CIRURGICA DE PERSISTENCIA DO CA"
"625";"CORRECAO CIRURGICA DE COARCTACAO DA AORTA"
"595";"BYPASS (DERIVACAO) AXILO-FEMORAL"
"604";"PERICARDIOCENTESE"
"558";"CURA CIRURGICA DE SINDROME DESFILADEIRO (1 MEMBRO)"
"552";"BYPASS OU TROMBOENDARTECTOMIA AORTO-ILIACA"
"565";"FLEBOTOMIA COM REMOCAO DE EMBOLO"
"553";"BYPASS OU TROMBOENDARTERECTOMIA DE VASOS"
"555";"BYPASS OU TROMBOENDARTERECTOMIA RENAL"
"571";"LIGADURA SIMPLES DA SAFENA INTERNA"
"569";"LIGADURA DE FISTULA ARTERIO-VENOSA"
"658";"BIOPSIA DE PLEURA COM AGULHA"
"608";"TROCA DA VALVA AORTICA"
"614";"TROCA DA VALVA MITRAL AORTICA E TRICUSPIDE"
"613";"TROCA DA VALVA MITRAL E TRICUSPIDE"
"616";"VALVOPLASTIA AORTICA COM EXTRACORPOREA"
"618";"VALVOPLASTIA PULMONAR COM EXTRACORPOREA"
"903";"CORRECAO CIRURGICA DE PERFURACAO SEPTO NASAL"
"590";"RESSECCAO PULMONAR EM CUNHA"
"602";"CARDIOTOMIA E PERICARDIOTOMIA EXPLORADORA"
"574";"PLASTICA DAS ARTERIAS COM ENXERTO"
"1264";"DRENAGEM CIRURGICA DO PSOAS"
"2979";"LIGADURA DO DUCTO TORACICO (QUALQUER METODO)"
"2988";"PARTO CESARIANO EM GESTACAO DE ALTO RISCO"
"2989";"RETIRADA DE PROTESE MAMARIA BILATERAL EM CASOS DE COMPLICACAO DE IMPLANTACAO DA PROTESE - COM IMPLANTACAO DE NOVA PROTES"
"1332";"EXERESE DE ULCERA DE PERNA"
"1248";"REDUCAO CIRURGICA DE LUXACAO DO TARSO"
"1249";"REDUCAO CIRURGICA DE LUXACAO DO PODODACTILO(S)"
"1330";"EXERESE DE TUMOR SUPRA CLAVICULAR"
"1251";"TRATAMENTO CIRURGICO DO PE TORTO"
"1333";"EXPLORACAO DE CICATRIZ CIRURGICA"
"1255";"REDUCAO INCRUENTA DE FRATURA DO(S) OSSO(S) DO"
"1256";"REDUCAO INCRUENTA DE FRATURA DO(S) PRODODACTILO(S)"
"2998";"RETIRADA DE PROTESE MAMARIA UNILATERAL EM CASOS DE COMPLICACAO DE IMPLANTACAO DA PROTESE - COM IMPLANTACAO DE NOVA PROTE"
"1257";"REDUCAO INCRUENTA DE LUXACAO DO(S) METATARSIANO(S)"
"1258";"REDUCAO INCRUENTA DE LUXACAO DO(S) OSSO(S) DO TARS"
"1254";"REDUCAO INCRUENTA DE FRATURA DO(S) META"
"1259";"REDUCAO INCRUENTA DE LUXACAO DO PODODACTILO(S)"
"1262";"MIOTOMIA"
"1283";"FECHAMENTO DE FISTULA RETAL"
"1323";"EXERESE DE LIPOMA"
"1278";"EXERESE DE LESAO INTESTINAL OU MESENT LOCALIZADO"
"1263";"RESSECCAO MUSCULAR"
"1289";"RETOSSIGMOIDECTOMIA ABDOMINO-PERINEAL"
"1282";"FECHAMENTO DE FISTULA COLICA"
"1218";"EXERESE DE PROTESE DE COLO DE FEMUR"
"1222";"RESSECCAO DE TUMOR OSSEO COM DESLISAMENTO"
"1942";"CERCLAGEM ANAL"
"1270";"AMPUTACAO DO RETO POR PROCEDENCIA"
"575";"RESSECCAO DE ARCO AORTICO COM ENXERTO"
"1324";"RESSECCAO DE PSEUDO-ANEURISMA"
"2890";"RESSECCAO DE LESAO MALIGNA E BENIGNA DA REGIAO CRANIO E BUCOMAXILOFACIAL"
"1245";"REDUCAO CIRURGICA DE FRATURA DO(S) POLIDACTTILOS"
"1285";"RETOSSIGMOIDECTOMIA ABDOMINAL"
"1253";"SIMPATECTOMIA TORACICA"
"1280";"EXERESE DE TUMOR RETAL PER ANUS"
"1236";"ARTRODESE METATARSO-FALANGEANA OU INTERFA"
"1243";"REDUCAO CIRURGICA DE FRATURA METATARSIANO(S) CO"
"1244";"REDUCAO CIRURGICA DE FRATURA DO TARSO"
"1246";"TRATAMENTO CIRURGICO DO HALLUX VALGUS"
"2891";"TRATAMENTO CIRURGICO DE OSTEOMIELITE DE OSSOS DA FACE"
"1247";"REDUCAO CIRURGICA DE LUXACAO DO(S) METATARSIANOS"
"1169";"TRATAMENTO CIRURGICO DA LUXACAO RECIDIVANTE ESCAPU"
"1179";"REDUCAO CIRURGICA DE FRATURA DE DIAFISE UMERO"
"1180";"REDUCAO CIRURGICA DE FRATURA EXTREMIDADE SUP UMERO C/ FIX"
"1171";"TRATAMENTO CIRURGICO DA ARTRITE PIOGENICA ESCAPULO UMERAL"
"1175";"BIOPSIA DE UMERO"
"1185";"REDUCAO INCRUENTA DE FRATURAS EXT S"
"1242";"TRATAMENTO CIRURGICO DE DEDO EM MARTELO"
"1206";"TENOTOMIA"
"1182";"REDUCAO CIRURGICA DE FRATURA SUPRA-CONDILIANA UMER"
"1184";"TRATAMENTO CIRURGICO DE PSEUDO-ARTROSE DO UMERO"
"1240";"RESSECCAO DE OSSO(S) DO PE"
"1189";"ARTROCENTESE DO COTOVELO"
"1190";"ARTRODESE DO COTOVELO"
"1195";"DESARTICULACAO DO COTOVELO"
"1197";"BIOPSIA DE BAINHA TENDINOSA OU TENDAO"
"1191";"ARTROPLASTIA DO COTOVELO"
"1201";"TENODESE"
"1239";"RESSECCAO DE APONEVROSE PLANTAR"
"1203";"TENOPLASTIA OU ENXERTO TENDAO NIVEL MAO"
"1128";"REDUCAO CIRURGICA DE FRATURA DOS OSSOS ANTE-BRA COM FIX"
"1131";"REDUCAO CIRURGICA DE FRATURA(LUX DE MONTEGGIA)"
"1126";"REDUCAO CIRURGICA DE DESLOC EPIFISARIO DOS OSSOS"
"1134";"TRATAMENTO CIRURGICO DE PSEUDO-ARTRODESE DO ANT-B"
"1139";"DESARTICULACAO DO PUNHO"
"1193";"BIOPSIA DE COTOVELO"
"1166";"BIOPSIA DE ESCAPULO-UMERAL"
"1138";"BIOPSIA DE PUNHO"
"1135";"TRATAMENTO CIRURGICO DA SINOSTOSE RADIO-CUBITAL"
"1238";"OSTEOTOMIA DE OSSO(S) DO PE"
"1136";"ARTRODESE DE PUNHO"
"1145";"REDUCAO INCRUENTA DE FRATURAS DO(S) OSSO(S)"
"1146";"REDUCAO INCRUENTA DE LUXACAO DE OSSO(S) DO CAR"
"742";"FUNDOPLICATURA"
"2892";"RESSECCAO DO CONDILO MANDIBULAR COM OU SEM RECONSTRUCAO"
"1147";"ARTROPLASTIA DO PUNHO (IMPLANTE)"
"1142";"REDUCAO CIRURGICA DE FRATURAS DO(S) OSSO(S) DO CA"
"1143";"REDUCAO CIRURGICA DE LUXACAO DE OSSO(S) DO  CARP"
"2893";"RETIRADA DE CORPO ESTRANHO DOS OSSOS DA FACE"
"1102";"REDUCAO INCRUENTA DE DESL EPIFISARIO(EXTREM INF T"
"1164";"ARTRODESE DA ESCAPULO-UMERAL"
"1087";"REDUCAO INCRUENTA DE FRATURA DO JOELHO"
"1163";"ARTROCENTESE ESCAPULO-UMERAL"
"1091";"ARTRODESE TIBIO-TARSICA"
"1048";"FRATURA DO ACETABULO REDUCAO CRUENTA"
"3044";"OSTEOTOMIA DE OSSOS LONGOS EXCETO DA MAO E DO PE"
"1047";"REDUCAO INCRUENTA DE LUXACAO DA COXO-FEM (T"
"1118";"TRATAMENTO CIRURGICO DA ARTRITE PIOGENICA DO COTOVELO"
"1099";"REDUCAO CIRURGICA DE DIAFISE DA TIBIA COM FIXACAO"
"1088";"ARTROPLASTIA TOTAL DO JOELHO (COM IMPLANTE)"
"1103";"REDUCAO INCRUENTA DE FRATURA DA TIBIA"
"1101";"TRATAMENTO CIRURGICO DE PSEUDO-ARTROSE DA TIBIA"
"1116";"REDUCAO CIRURGICA DE LUXACAO DO COTOVELO"
"1124";"RESSECCAO DE CABECA DO RADIO"
"1112";"REDUCAO CIRURGICA DE FRATURAS DO TORNOZELO COM F"
"1113";"REDUCAO CIRURGICA DE FRATURA-LUXACAO DO TORNOZELO"
"1165";"ARTROPLASTIA DA ESCAPULO-UMERAL"
"1122";"CORRECAO CIRURGICA DE FRATURA VICIOSAMENTE CONSOLID."
"1046";"REDUCAO INCRUENTA DE LUXACAO CONG COXO-FEM C/OU S/ T"
"1121";"BIOPSIA DE OSSO AO ANTEBRACO"
"1110";"BIOPSIA DE TORNOZELO"
"1151";"AMPUTACAO INFRACONDILIANA"
"1155";"AMPUTACAO TRANSMETATARSIANA"
"2894";"PROCTOCOLECTOMIA TOTAL COM RESERVATORIO ILEAL"
"1060";"REDUCAO CIRURGICA DE FRATURA EXTREMID DO FEM"
"1067";"REDUCAO INCRUENTA DE FRATURA E DESL EPIFISARIO"
"1062";"REDUCAO CIRURGICA DE FRATURAS TRANSTROCANTERIANA"
"1069";"AVULSAO DO GRANDE TROCANTER-TRAT CIRURG"
"1070";"DESLOCAMENTO DE EPIFISE FEMURAL SUPERIOR (EPIFISIOL)"
"1065";"TRATAMENTO CIRURGICO DE PSEUDO-ARTROSE DE COLO DE FEMUR"
"1082";"REDUCAO CIRURGICA DE FRATURAS JOELHO COM FIXACAO"
"1073";"ARTROPLASTIA PARCIAL DO JOELHO (COM IMPLANTE)"
"1009";"FASCIOTOMIA PALMAR"
"1078";"PATELECTOMIA"
"1016";"REDUCAO CIRURGICA DE LUXACAO DE FALANGES"
"1083";"REDUCAO CIRURGICA DE LUXACAO DO JOELHO"
"1084";"TRATAMENTO CIRURGICO DA LUXACAO RECIDIVANTE DA RO"
"1007";"ARTROPLASTIA METACARPO FALANGEANA"
"1014";"REDUCAO CIRURGICA DE FRATURA METACARPIANOS C/FIXACAO"
"1015";"TRATAMENTO CIRURGICO DO DEDO EM GATILHO"
"1017";"REDUCAO CIRURGICA DA LUXACAO DE METACARPIANOS"
"1081";"TRANSPLANTE TENDINOSO AO NIVEL DO JOELHO"
"1012";"REDUCAO CIRURGICA DE FRATURA DE BENN"
"1013";"REDUCAO CIRURGICA DE FRATURA FALANGES COM FIXACAO"
"1059";"REDUCAO CIRURGICA DE FRATURA DIAF DO FEMUR"
"1023";"BIOPSIA DE ARTICULACAO COXO-FEMURAL"
"1026";"OSTEOTOMIA AO NIVEL DA PELVE"
"1030";"REDUCAO INCRUENTA DE DISJUNCAO NIVEL PEL"
"1031";"TRATAMENTO CIRURGICO DE FRATURA E LUXACAO COCCI"
"1025";"DESARTICULACAO INTER ILIO ABDOMINAL"
"1032";"TRATAMENTO CIRURGICO DE FRATURA DO SACRO"
"1028";"REDUCAO CIRURGICA DE LUXACAO AO NIVEL DA PELVE"
"1045";"REDUCAO INCRUENTA DE LUXACAO DA COXO-FEM (CENTRAL)"
"1034";"ARTROCENTESE DA COXO-FEMURAL"
"1035";"ARTRODESE DA COXO-FEMURAL"
"1054";"BIOPSIA DE FEMUR"
"1038";"BIOPSIA DE COXO-FEMURAL"
"2791";"AMPUTAÇÃO TOTAL AMPLIADA DE PENIS EM ONCOLOGIA"
"1044";"REDUCAO CIRURGICA DE LUXACAO DA COXO-FEMURAL (TRA"
"967";"ILEOSTOMIA"
"937";"HIPERQUERATOSE PLANTAR C/CORRECAO PLAST."
"1043";"REDUCAO CIRURGICA DE LUXACAO COXO-FEMURAL (CONGENITA)"
"2796";"LINFADENECTOMIA PELVICA EM ONCOLOGIA"
"966";"REDUCAO DE VOLVO POR LAPAROTOMIA"
"2797";"TORACOTOMIA EXPLORADORA EM ONCOLOGIA"
"669";"RESSECCAO DE TUMOR DE TRAQUEIA"
"20469";"EXERESE DE COLOBOMA AURIS"
"981";"GASTRECTOMIA SUBTOTAL"
"977";"GASTRECTOMIA RADICAL DISTAL"
"997";"ESOFAGORRAFIA CERVICAL"
"927";"RECONSTRUCAO DE LOBULO DA ORELHA"
"1000";"ESOFAGOSCOPIA E DILATACAO POR APLICACAO"
"926";"RECONSTRUCAO DE HELIX DA ORELHA"
"1004";"ARTRODESE METACARPO FALANGEANA"
"1005";"TRATAMENTO CIRURGICO DA RETRACAO APONEVROSE PALMAR"
"1006";"ARTROPLASTIA INTER-FALANGEANA"
"925";"CORRECAO CIRURGICA NAO ESTETICA DA ORELHA"
"928";"RECONSTRUCAO DO POLO SUPERIOR DA ORELHA"
"929";"RECONSTRUCAO TOTAL DA ORELHA(MULT.ESTAGIOS)"
"968";"COLORRAFIA POR VIA ABDOMINAL"
"942";"RETRACAO CICATRICIAL-CORRECAO UM ESTAGIO"
"943";"RETRACAO CICATRICIAL EXTENSA-VARIOS ESTAGIOS"
"952";"SIMPATECTOMIA TORACICA(BLOQ.PLEXO CELIACO)"
"955";"RETALHO MIOCUTANEO"
"956";"NEUROTOMIAS DIFEREN.TRIGEMEO(BL.NERVOTRIGEMEO)"
"954";"SIMPATECTOMIA LOMBAR UNILAT.(BL.SIMPAT.LOMBAR)"
"963";"TRATAMENTO CIRURGICO DA MA ROTACAO INTESTINAL"
"980";"ANTRECTOMIA"
"1382";"ABDOMINOPLASTIA"
"985";"BIOPSIA DE GLANDULA SALIVAR"
"885";"TRATAMENTO CIRURGICO DE MICROSTOMIA"
"2656";"CURATIVO GRAU I COM OU SEM DEBRIDAMENTO"
"864";"TRATAMENTO CIRURGICO DE FISTULA ORO-NASAL"
"899";"RETRACAO CICATR. DEDOS S/COMPR.TENDINOSO"
"910";"TRATAMENTO CIRURGICO DE RINOFINA"
"887";"QUEILOPLASTIA(HIPERTROFIA DO LABIO)"
"891";"LINFEDEMA(ELEFANTIASE DOS MMII)"
"898";"SUTURA E REPARACOES PERDA SUBST. DA MAO"
"889";"EXERESE EM CUNHA DE LABIO E SUTURA"
"976";"HERNIOPLASTIA PARAHIATAL"
"988";"GLOSSECTOMIA TOTAL"
"876";"TRATAMENTO CIRURGICO DE ELEFANTIASE DO PENIS"
"2798";"PNEUMOMECTOMIA RADICAL EM ONCOLOGIA"
"901";"TRATAMENTO CIRURGICO DA SINDACTILIA MULTIPLA(3 ESTAGIOS)"
"869";"MAXILETOMIA COM OU S/ESVAS.ORB.E RIN LAT"
"911";"TRATAMENTO PARCIAL DO NARIZ"
"919";"RECONSTRUCAO PARCIAL CAVIDADE ORBITARIA"
"904";"RINOPLASTIA P/ DEFEITOS POS-TRAUMATICO"
"908";"TRATAMENTO CIRURGICO DA ATRESIA NARINARIA"
"916";"CORRECAO CIRURGICA DE LAGOFTALMO"
"917";"CORRECAO CIRURGICA DE PTOSE PALPEBRAL"
"912";"RECONSTRUCAO TOTAL DO NARIZ"
"921";" RECONSTRUCAO PARCIAL DE PALPEBRA"
"863";"TRATAMENTO CIRURGICO DE FISTULA ORO-MAXILAR"
"922";"RECONSTRUCAO TOTAL DE PALPEBRAS"
"873";"TRATAMENTO CIRURGICO DA PARALISIA FACIAL(SUSP HEMIFACE)"
"918";"CORRECAO CIRURGICA DE SIMBLEFARO"
"847";"GASTRUDUODENOSCOPIA P/DIAG COLHEI MAT BI"
"848";"ENTEROPEXIA (QUALQUER SEGMENTO)"
"924";"TARSORRAFIA"
"855";"ESCALPO TOTAL"
"854";"ESCALPO PARCIAL"
"777";"COLECTOMIA PARCIAL (HEMICOLECTOMIA)"
"859";"PALATOPLASTIA COM ENXERTO OSSEO"
"860";"PALATOPLASTIA COM RETALHO FARINGEO"
"867";"PALATO-LABIOPLASTIA(BILATERAL 3 ESTAGIOS)"
"807";"ANASTOMOSE BILIO-DIGESTIVA"
"866";"PALATO-LABIOPLASTIA(UNIL.2 ESTAGIO)"
"877";"TRATAMENTO CIRURGICO DE ELEFANTIASE DE BOLSA ESCROTAL"
"20471";"EXCISAO DE LESAO E OU SUTURA DE FERIMENTO DA PELE ANEXOS E MUCOSA"
"861";"PALATOPLASTIA PARCIAL"
"886";"TRATAMENTO CIRURGICO DE LABIO LEPORINO"
"880";"EXERESE PARCIAL DO LABIO C/ROTACAO RETALHO"
"883";"RECONSTRUCAO PARCIAL DE LABIO"
"810";"PANCREATO-ENTEROSTOMIA"
"844";"FECHAMENTO DE FISTULA SALIVAR COM RETALHO"
"816";"HERNIORRAFIA COM RESSECCAO INTESTINAL  (E"
"812";"TRATAMENTO CIRURGICO DE CISTOS PANCREATICOS"
"819";"HERNIORRAFIA DIAFRAGMATICA (VIA TORA"
"905";"RINOPLASTIA RECUPERADORA NAO ESTETICA"
"870";"OSTEOPLAS.DE MANDIBULA PARAPROGNATISMO"
"872";"OSTEOPLAS.P/MICROGNATISMO C/S IMP.SILIC."
"804";"COLECTOMIA TOTAL"
"868";"TRATAMENTO CIRURGICO DA ANQUILOSE DA ART.TEMP.MANDIB"
"897";"TRATAMENTO CIRURGICO DA POLIDACTILIA ARTICULADA"
"829";"RESSECCAO DO EPIPLON"
"811";"PANCREATOTOMIA PARA DRENAGEM"
"763";"COLEDOCOTOMIA"
"766";"COLEDOCOPLASTIA"
"769";"HEPATORRAFIA"
"770";"MARSUPIALIACAO DE CISTO HEPATICO"
"767";"PAPILOPLASTIA"
"881";"EXERESE E RECONSTRUCAO TOTAL DE LABIO"
"771";"MARSUPIALIZACAO DE ABCESSO HEPATICO"
"772";"HEPATOTOMIA"
"773";"DRENAGEM DE ABSCESSO INTRA-HEPATICO"
"774";"RESSECCAO DE CISTO HEPATICO"
"2885";"CISTECTOMIA TOTAL"
"779";"DIVERTICULECTOMIA"
"790";"DUODENO PANCREATECTOMIA"
"784";"ENTERORRAFIA"
"785";"LIBERACAO DE ADERENCIAS INTESTINAIS"
"797";"LINFADENECTOMIA RADICAL CERVICAL"
"798";"LINFADENECTOMIA RADICAL INGUINAL"
"3048";"OSTECTOMIA DE OSSOS LONGOS EXCETO DA MAO E DO PE"
"801";"LINFADENECTOMIA RAD. BILATERAL INGUINAL"
"809";"BIOPSIA DE FIGADO COM LAPAROTOMIA"
"884";"TRATAMENTO CIRURGICO DE MACROSTOMIA"
"800";"LINFADENECTOMIA RAD. BILATERAL CERVICAL"
"799";"LINFADENECTOMIA RAD. BILATERAL AXILAR"
"672";"BULECTOMIA UNILATERAL"
"738";"COLOCACAO DE PROTESE INTRA-ESOFAGICA"
"735";"ESOFAGOGASTRECTOMIA"
"747";"GASTRORRAFIA"
"20473";"TRAQUELECTOMIA"
"733";"RESSUTURA DE PAREDE ABDOMINAL (EVISCERACAO)"
"743";"TRATAMENTO CIRURGICO DE MECA-ESOFAGO"
"740";"ESOFAGOMIOTOMIA"
"2443";"ALCOOLIZAÇÃO PERCUTANEA DE HEMANGIOMAS E MALFORMAÇÕES VENOSAS"
"3096";"HERNIOPLASTIA EPIGASTRICA VIDEOLAPAROSCOPICA"
"734";"ESPLENECTOMIA"
"745";"GASTROSTOMIA"
"768";"HEPATECTOMIA PARCIAL"
"749";"GASTRECTOMIA TOTAL"
"832";"BIOPSIA DE BOCA"
"833";"RESSECCAO DE LESAO MALIGNA C/ ESVASIAMENTO GANGLIONAR"
"736";"ESOFAGOPLASTIA"
"788";"FECHAMENTO DE FISTULA INTESTINAL"
"750";"DEGASTRECTOMIA"
"752";"PILOROPLASTIA"
"753";"VAGOTOMIA TRONCULAR"
"751";"GASTROENTEROANASTOMOSE"
"673";"BULECTOMIA BILATERAL POR ESTERNOTOMIA"
"677";"ENXERTO DE PELE"
"675";"TRATAMENTO CIRURGICO DE FISTULA BRONQUIC"
"684";"EXERESE DE CORPO ESTRANHO POR PNEUMOTOM"
"702";"GASTROSCOPIA P/DIAG COLHE MAT BIOP FOTOG"
"709";"SUTURA DE FERIMENTO SEM DEBRIDAMENTO"
"710";"SUTURA DE FERIMENTO COM DEBRIDAMENTO"
"631";"IMPLANTE DE MARCA PASSO CARDIACO EPIMIOD"
"632";"IMPLANTE DE MARCA PASSO CARDIACO INTRACA"
"732";"PARACENTESE ABDOMINAL"
"20475";"CONSTRUÇÃO DE NEOVAGINA"
"20477";"FLEBOGRAFIA DE SUBCLÁVIA"
"727";"HERNIOPLASTIA CRURAL"
"714";"EXERESE DE LINFONODO"
"639";"COSTECTOMIA"
"633";"RECOLOCACAO DE ELETRODO"
"630";"IMPLANTE DE MARCA PASSO DEFIN."
"638";"IMPLANTE DE MARCA PASSO CARDIACO TR"
"730";"HERNIOPLASTIA INGUINAL"
"634";"TROCA DO GERADOR"
"637";"COLOCACAO DE BALAO INTRA-AORTICO"
"650";"TORACOTOMIA COM DRENAGEM FECHADA"
"2897";"METASTASECTOMIA PULMONAR UNI OU BILATERAL (QUALQUER METODO)"
"656";"MEDIASTINOTOMIA EXPLORADORA"
"439";"GASTROSQUISE"
"653";"TIMECTOMIA"
"454";"POLIPECTOMIA"
"645";"TORACOPLASTIA"
"728";"HERNIOPLASTIA EPIGASTRICA"
"685";"SEGMENTECTOMIA"
"382";"EXERESE DE CISTOS"
"704";"EXERESE E SUTURA SIMPLES DE LESAO OU TUMOR"
"699";"ESOFAGECTOMIA"
"377";"CORRECAO DE LABIO LEPORINO-QUEILOPLASTIA"
"381";"GLOSSOTOMIA REDUTORA"
"373";"URETROSCOPIA"
"374";"DILATACAO DE URETRA"
"442";"COLOSTOMIA"
"376";"EXERESE DE CISTO SEBACEO"
"405";"PNEUMONECTOMIA"
"1268";"AMPUTACAO ABDOMINO-PERINEAL DO RETO"
"348";"NEFRECTOMIA"
"413";"EXERESE DE TUMOR MEDIASTINAL"
"331";"EXERESE DE DEDO EXTRA NUMERARIO"
"338";"CISTOENTEROPLASTIA (DESDERIVACAO URINARIA)"
"334";"PIELOGRAFIA ASCENDENTE"
"335";"URETEROENTEROPLASTIA"
"2898";"TRATAMENTO DE COAGULO RETIDO INTRATORACICO (QUALQUER VIA)"
"297";"MAMILOPLASTIA"
"362";"CORRECAO CIRURGICA DE HIPOSPADIA-ORTOFAL"
"368";"CORRECAO CIRURGICA DE EPISPADIA"
"290";"TRATAMENTO CIRURGICO DE TUMOR MALIGNO DA VAGINA"
"278";"XANTELASMA (CIRUR)"
"280";"CERATOTOMIA RADIAL"
"327";"SALPINGECTOMIA BILATERAL"
"289";"TRATAMENTO CIRURGICO DE TUMOR MALIGNO DE VULVA"
"328";"SALPINGOPLASTIA"
"445";"ABAIXAMENTO DE COLON"
"441";"APENDICECTOMIA"
"388";"TRAQUEOSTOMIA"
"404";"LOBECTOMIA PULMONAR"
"453";"RETOSSIGMOIDOSCOPIA"
"389";"TRAQUEOSCOPIA"
"372";"CISTOSCOPIA"
"648";"VIDEOTORACOSCOPIA"
"409";"PLEUROTOMIA"
"385";"EXERESE DE CISTO BRANQUIAL"
"384";"EXERESE DE CISTO TIREOGLOSSO"
"403";"PLICATURA DIAFRAGMATICA (EVENTRACAO)"
"369";"ORQUIECTOMIA"
"400";"ESOFAGOSTOMIA"
"309";"DRENAGEM DE ABSCESSO DE MAMA"
"412";"TRAQUEOPLASTIA"
"294";"TRATAMENTO CIRURGICO DE TUMOR MALIGNO DO COLO"
"301";"BIOPSIA DE COLO UTERINO"
"302";"BIOPSIA DE VULVA"
"324";"OPERACAO DE BURCH"
"319";"CORRECAO CIRURGICA DE PROLAPSO DE VAGINA"
"237";"INJECAO RETROBULBAR"
"325";"PERINEOPLASTIA ANTERIOR E POSTERIOR"
"323";"OOFORECTOMIA BILATERAL"
"321";"CERCLAGEM CERVICAL"
"272";"EXERESE DE MAMA SUPRANUMERARIA"
"232";"EPILACAO/CILIOS"
"241";"ORBITOTOMIA"
"238";"KROENLEIN"
"296";"COLPECTOMIA"
"245";"PERITOMIA LIMBICA"
"246";"RECONSTITUICAO DE CAVIDADE"
"253";"RETINOPEXIA"
"188";"MICROCIRURGIA DE LARINGE"
"184";"LARINGECTOMIA PARCIAL"
"256";"SUTURA ESCLEROTICA"
"264";"TRIQUIASE"
"271";"PAN-HISTERECTOMIA"
"263";"TRABECULECTOMIA"
"138";"URETEROLITOTOMIA PERCUTANEA"
"183";"DRENAGEM DE ABSCESSO PERIAMIGDALIANO"
"143";"LIGADURA VENOSA"
"268";"EXAME COM ANESTESIA GERAL (FUNDO DE OLHO)"
"185";"LARINGECTOMIA TOTAL"
"312";"HISTERECTOMIA VAGINAL"
"295";"MASTECTOMIA"
"314";"LAPAROTOMIA EXPLORADORA"
"316";"LAPAROSCOPIA"
"196";"GLOSSECTOMIA PARCIAL"
"303";"BIOPSIA DE VAGINA"
"276";"GASTRODUODENOANASTOMOSE"
"320";"MASTECTOMIA SIMPLES"
"186";"LARINGECTOMIA COM ESVAZIAMENTO CERVICAL"
"192";"EXTIRPACAO DE TUMOR DE FARINGE"
"204";"BIOPSIA DE PALPEBRA/SUP"
"205";"CAPSULECTOMIA"
"207";"CICLODIALISE"
"219";"EXERESE DE CHALAZIO"
"210";"CORRECAO CIRURGICA DE ESTRABISMO"
"225";"EXTIRPACAO DE GLANDULA LACRIMAIS"
"216";"ELETROOCULOGRAFIA"
"227";"FACECTOMIA"
"137";"MANIPULACAO PERCUTANEA DE CALCULO RENAL"
"201";"BIOPSIA DE CORNEA"
"200";"BIOPSIA DE CONJUNTIVA"
"202";"BIOPSIA DE ESCLEROTICA"
"147";"BIOPSIA DE MAMA"
"203";"BIOPSIA DE IRIS/C.C."
"152";"RETALHO PALATO FARINGE"
"162";"MIRINGOTOMIA/COLOCACAO TUBO VENTILACAO"
"163";"ESTENOSE DO CONDUTO AUDITIVO"
"170";"NEURECTOMIA VESTIBULAR"
"124";"ORQUIECTOMIA BILATERAL"
"161";"MICROCIRURGIA OTOLOGICA"
"169";"INCISAO E DRENAGEM DE SACO ENDOLINFATICO"
"156";"EXERESE DE CORPO ESTRANHO OU OUVIDO"
"94";"RESSECCAO TRANS-URETRAL DE TUMOR VESICAL"
"171";"EXERESE DE TUMOR GLOMICO"
"172";"CIRURGIA DO NERVO FACIAL"
"173";"CORRECAO CIRURGICA DE IMPERFURACAO COANAL"
"174";"SINUSOTOMIA"
"58";"VAGINOPLASTIA"
"109";"DRENAGEM DE ABSCESSO RENAL OU PERIRRENAL"
"103";"TRANSPLANTE RENAL RECEPTOR"
"134";"NEFROSTOMIA PERCUTANEA"
"180";"ADENOIDECTOMIA"
"2806";"AMPUTACAO CONICA DE COLO DE UTERO COM COLPECTOMIA EM ONCOLOGIA"
"176";"TURBINECTOMIA"
"329";"SETORECTOMIA"
"166";"MASTOIDECTOMIA"
"167";"ESTAPEDECTOMIA"
"106";"CORRECAO CIRURGICA DE FISTULA VESICO-UTERINA"
"48";"URETROPLASTIA TRANSPUBICA"
"50";"URETROPLASTIA SEM RETALHO"
"117";"CORRECAO CIRURGICA DE FISTULA VESICO-ENTERICA"
"112";"URETEROILEOCECOCISTOPLASTIA"
"129";"PLASTICA DE BOLSA ESCROTAL"
"120";"URETROPLASTIA COM RETALHO"
"118";"URETRORRAFIA"
"135";"NEFROLITOTRIPSIA"
"122";"URETROSTOMIA PERINEAL"
"54";"CALIBRAGEM URETRAL"
"49";"CORRECAO CIRURGICA DE FISTULA URETRAL"
"125";"TIREOIDECTOMIA RADICAL"
"51";"URETROSTOMIA EXTERNA"
"99";"URETROSTOMIA INTERNA"
"130";"EXERESE DE CISTO DE BOLSA ESCROTAL"
"57";"FRENULOPLASTIA"
"62";"EXERESE DE LESAO PENIANA"
"659";"DRENAGEM PLEURAL (OU DE TORAX)"
"20385";"HERNIORRAFIA INGUINAL VIDEOLAPAROSCÓPICA"
"79";"EPIDIDIMOVASOSTOMIA BILATERAL"
"64";"PENECTOMIA TOTAL"
"90";"CATETERISMO URETRAL DE DRENAGEM"
"85";"LINFADENECTOMIA RETROPERITONEAL"
"3";"LOMBOTOMIA EXPLORADORA"
"91";"CATETERISMO URETRAL COLETA DE MATER"
"9";"NEFRORRAFIA"
"13";"PUNCAO BIOPSIA RENAL"
"70";"ORQUIDOPEXIA"
"23";"CORRECAO DE URETEROCELE"
"24";"DIVERTICULECTOMIA URETRAL"
"32";"CISTOPLASTIA (EXTROFIA VESICAL)"
"40";"VESICO URETRO PUBO PEXIA"
"30";"CISTECTOMIA PARCIAL"
"19";"URETEROLITOTOMIA"
"15";"PIELOLITOTOMIA"
"34";"CISTOLITOTOMIA"
"33";"DIVERTICULECTOMIA VESICAL"
"126";"EXPLORACAO DE BOLSA ESCROTAL"
"14";"NEFROLITOTOMIA"
"17";"PIELOPLASTIA"
"61";"CORRECAO DE CURVATURA PENIANA"
"5";"NEFRECTOMIA RADICAL"
"20";"URETEROSTOMIA CUTANEA"
"35";"CISTORRAFIA"
"46";"CORRECAO CIRURGICA DE HIPOSPADIA"
"2133";"VULVECTOMIA  RADICAL"
"42";"BIOPSIA DE PROSTATA"
"68";"BIOPSIA DE TESTICULO"
"38";"BIOPSIA DE BEXIGA"
"16";"PIELOSTOMIA CUTANEA"
"92";"RESSECCAO TRANS-URETRAL URETEROCELE"
"36";"FORMALIZACAO VESICAL"
"86";"CISTOSCOPIA/URETROSCOPIA"
"43";"DRENAGEM DE ABSCESSO DE PROSTATICO"
"45";"PROSTATECTOMIA RADICAL"
"80";"DRENAGEM DE ABSCESSO ESCROTAL"
"73";"EPIDIDIMECTOMIA"
"75";"TRATAMENTO CIRURGICO DE ESPERMATOCELE"
"81";"RESSECCAO PARCIAL BOLSA ESCROTAL"
"63";"PENECTOMIA PARCIAL"
"65";"TRATAMENTO CIRURGICO PRIAPISMO"
"1949";"INSTALACAO CATETER TENCKOFF OU LONGA PERM PARA DPI"
"1951";"FECHAMENTO DE URETEROSTOMIA"
"2001";"EXERESE DE PROTESE DE MAMA"
"20481";"HISTERECTOMIA TOTAL AMPLIADA"
"1979";"URETEROPLASTIA BILAtERAL"
"1996";"OSTEOSSINTESE CLAVICULA"
"1997";"EXERESE DE TUMOR RETROPERITONIAL"
"1995";"RECONSTRUCAO DE CAMARA ANTERIOR"
"2010";"REDUCAO CIRURGICA DE FRATURA DE MANDIBULA"
"44";"PROSTATECTOMIA"
"2023";"BYPASS CAROTIDEO VERTEBRAL"
"2020";"EXERESE DE CISTO DENTARIO"
"2025";"TRANSPOSICAO  VENOSA"
"2036";"BYPASS VENOSO"
"2034";"DENTES RETIDOS LIBERACAO"
"2053";"CIRURGIA DE CISTOS EXTRA-OSSEOS NO LABIO"
"2054";"CIRURGIA DE CISTOS EXTRA-OSSEOS NA LINGUA"
"2027";"RESSECCAO DUCTOS TERMINAIS"
"2004";"DACRIOCISTORINOSTOMIA"
"2033";"OSTEOTOMIA DE MAXILAR"
"644";"TORACOCENTESE"
"2052";"CIRURGIA DE CISTOS INTRA-OSSEOS NA MANDIBULA"
"2060";"OSTEOTOMIA ALVEOLAR MANDIBULA"
"2055";"CIRURGIA DE CISTOS EXTRA-OSSEOS NA GENGIVA"
"2056";"CIRURGIA DE CISTOS EXTRA-OSSEOS NA MUCOSA"
"2057";"CIRURGIA DE CISTOS EXTRA-OSSEOS NA GLANDULA SALIVAR"
"2012";"REINTERVENCAO ANEUR. AORTA"
"3046";"OSTEOTOMIA DE OSSOS LONGOS E CURTOS DA MAO E DO PE"
"2061";"OSTEOTOMIA TOTAL DA MAXILA"
"2063";"MENTOPLASTIA"
"2067";"CORRECAO ATRESIA ALVEOLAR COM ENXERTO OSSEO MAXILA"
"2086";"REDUCAO CRUENTA DE FRATURA DE MAXILA LE FORT I"
"2103";"COLOCACAO DE VALVULA DE DERIVACAO VENTRICULAR EXTERNA"
"2111";"EMBOLECTOMIA PULMONAR"
"2097";"DRENAGEM DE ABSCESSO BUCAL"
"2121";"FECHAMENTO DE DUTO ARTERIOSO"
"2123";"REVISAO DE IMPLANTE DE MARCA PASSO"
"2124";"RETIRADA DE CATETER"
"2125";"CORRECAO DE MENINGOCELE"
"2130";"REVISAO DE ARTROPLASTIA"
"2118";"POSTOPLASTIA"
"2062";"OSTEOTOMIA DE MANDIBULA"
"2087";"REDUCAO CRUENTA DE FRATURA DE MAXILA LE FORT II"
"2090";"REDUCAO DE FRATURA ARCADA ZIGOMATICA"
"2091";"REDUCAO DE FRATURA NARIZ"
"2131";"REINTERVENCAO DE ANEURISMECTOMIA OU DE PSEUDOANEURISMA"
"2849";"ARTRODESE TORACO-LOMBO-SACRA POSTERIOR SEIS NIVEIS"
"2148";"TUMORECTOMIA"
"2151";"DRENAGEM HEMATOMA SUBDURAL"
"2182";"GASTROSTOMIA COM VIDEOLAPAROSCOPIA"
"2187";"PLEURODESE"
"2190";"FUNDOPLICATURA VIDEOLAPAROSCOPICA"
"2191";"DRENAGEM DE OTITE NO LACTENTE"
"2201";"INSTILACAO VESICAL"
"2211";"CERATOMILEUSIS"
"2212";"ESCLEROSE DE VARIZES ESOFAGICAS"
"2152";"TRANSPLANTE DE MEDULA OSSEA"
"2157";"EXPLORACAO ARTERIAL"
"2165";"PUNCAO ORIENTADA COM ECOGRAFIA"
"2169";"INJECAO INTRAVITRIO"
"583";"ENDOARTERECTOMIA CAROTIDEA"
"506";"ENDOSCOPIA COM RETIRADA DE CORPO ESTRANHO"
"507";"DILATACAO DE ESOFAGO"
"530";"CISTOLITOTRIPSIA"
"2164";"COLONOSCOPIA"
"533";"BLOQUEIO ANALGESICO"
"541";"ANEURISMECTOMIA PERIFERICA"
"458";"OOFORECTOMIA"
"2170";"BIOPSIA DE MEDULA OSSEA"
"2802";"TORACECTOMIA E RECONSTRUCAO PARIETAL COM PROTESE EM ONCOLOGIA"
"539";"ANEURISMECTOMIA ABDOMINAL"
"464";"DILATACAO ANAL"
"421";"JEJUNOSTOMIA"
"466";"SIMPATECTOMIA LOMBAR"
"461";"CONSTRUCAO DE VAGINA"
"2900";"RESSECCAO DE TUMOR RETROPERITONIAL COM RESSECCAO DE ORGAOS CONTIGUOS EM ONCOLOGIA"
"482";"PANCREATECTOMIA SUBTOTAL"
"473";"LOBECTOMIA HEPATICA"
"475";"PORTO ENTEROSTOMIA"
"499";"CORRECAO CIRURGICA DE POSTECTOMIA"
"420";"DUODENO - DUODENOJEJUNOSTOMIA"
"422";"DIVERTIULECTOMIA DE MECKEL"
"424";"CORRECAO CIRURGICA DE ASTRESIAS INTESTINAL"
"477";"COLECISTOSTOMIA"
"2554";"ARTERIOGRAFIA DE PULMÃO ESQUERDO"
"2482";"ESTUDO ELETROFISIOLOGICO TERAPEUTICO I:ABLAÇÃO DE TAQUICARDIA ATRIAL DIREITA"
"2483";"ESTUDO ELETROFISIOLOGICO TERAPEUTICO II: ABLAÇÃO DAS VIAS ANOMALAS MULTIPLAS"
"2484";"ESTUDO ELETROFISIOLOGICO TERAPEUTICO II: ABLAÇÃO DE VIAS ANOMALAS ESQUERDAS"
"2485";"ESTUDO ELETROFISIOLOGICO TERAPEUTICO II: ABLAÇÃO DE TAQUICARDIA ATRIAL ESQUERDA"
"2486";"ESTUDO ELETROFISIOLOGICO TERAPEUTICO II: ABLAÇÃO DE TAQUICARDIA ATRIAL CICATRICIAL"
"2487";"ESTUDO ELETROFISIOLOGICO TERAPEUTICO II: ABLAÇÃO DE FIBRILAÇÃO ATRIAL"
"2231";"ARTROCENTESE"
"2488";"ESTUDO ELETROFISIOLOGICO TERAPEUTICO II: ABLAÇÃO DE TAQUICARDIA VENTRICULAR SUSTENTANDA COM CARDIOPATIA ESTRUTURA"
"2489";"ESTUDO ELETROFISIOLOGICO TERAPUETICO II: ABLAÇÃO DE TAQUICARDIA VENTRICULAR IDIOPATICA DO SEIO DE VALSALVA ESQUERDO"
"2490";"INSEMINAÇÃO ARTIFICIAL"
"440";"ONFALOCELE"
"2498";"IMPLANTE DE CARDIODESFIBRILADOR MULTI-SITIO TRANSVENOSO"
"487";"ANASTOMOSE MESENTERICO-CAVA"
"485";"ANASTOMOSE PORTO-CAVA (DERIVACAO)"
"2507";"CARDIOVERSÃO ELÉTRICA"
"483";"PANCREATECTOMIA TOTAL"
"2513";"EMBOLIZAÇÃO POR CATETERISMO"
"2514";"EMBOLIZACAO DE FISTULA CAROTIDOCAVERNOSA COM BALOES DESTACAVEIS"
"2516";"TRATAMENTO NEUROCIRÚRGICO PARA CISTOS ENCEFÁLICOS"
"2521";"CIRURGIA DE TUMOR DE BASE DO CRÂNIO"
"2523";"ARTRODESE CERVICAL ANTERIOR"
"2528";"LAMINECTOMIA PARA TUMOR EPIDURAL"
"2531";"CORPECTOMIA COM INSTRUMENTAÇÃO"
"2532";"BYPASS EXTRA-INTRACRANIANO"
"2540";"ARTERIOGRAFIA PARA INVESTIGAÇÃO DE DOENÇA ATEROSCLEROTICA"
"20483";"EXERESE DE CISTO SACRO COCCIGEO"
"2544";"ARTERIOGRAFIA DE MEMBRO SUPERIOR DIREITO"
"2545";"ARTERIOGRAFIA DE MEMBRO SUPERIOR ESQUERDO"
"2546";"ARTERIOGRAFIA DE CARÓTIDA ESQUERDA"
"2547";"ARTERIOGRAFIA DE CARÓTIDA DIREITA"
"2548";"ARTERIOGRAFIA CEREBRAL"
"2550";"ARTERIOGRAFIA PARA INVESTIGAÇÃO DE HEMORRAGIA CEREBRAL"
"2551";"ARTERIOGRAFIA PARA INVESTIGAÇÃO DE ISQUEMIA CEREBRAL"
"2553";"ARTERIOGRAFIA DE PULMÃO DIREITO"
"2555";"ARTERIOGRAFIA SELETIVA BRAQUIAL"
"2557";"ARTERIOGRAFIA SELETIVA DE CAROTIDA EXTERNA"
"2196";"GASTRECTOMIA SUBTOTAL VIDEOLAPAROSCOPICA"
"2199";"COLOCACAO DISPOSITIVO INTRA UTERINO"
"2210";"BLEFAROPLASTIA"
"2508";"CATETERISMO CARDÍACO"
"2543";"ARTERIOGRAFIA DE MEMBRO INFERIOR ESQUERDO"
"2492";"ENDOSCOPIA DIGESTIVA ALTA"
"2493";"ECOENDOSCOPIA DIGESTIVA ALTA"
"2519";"BIÓPSIA CEREBRAL"
"2248";"CAUTERIZACAO QUIMICA, ELETROCOAGULACAO E/OU FULGURACAO"
"2251";"ATRESIA DE ESOFAGO"
"2258";"RETIRADA DE SONDA"
"2265";"LIGADURA TUBARIA"
"2281";"DILATACAO VESICAL"
"2186";"RETIRADA DE PROTESE MAMARIA"
"2154";"COLANGIOGRAFIA TRANS-HEPATICA"
"2172";"PASSAGEM DE SONDA NASOENTERAL"
"2167";"RESTAURACAO DENTARIA"
"2204";"MIOMECTOMIA VIDEOLAPAROSCOPICA"
"2189";"RESSECCAO DE CISTO HEPATICO VIDEOLAPAROSCOPICA"
"2232";"TRATAMENTO CIRURGICO DA ARTRITE PIOGENICA DE JOELHO"
"1141";"RESSECCAO DE OSSO(S) DO CARPO"
"2238";"BIOPSIA TUMOR EXTRA OCULAR"
"2243";"EXTRACAO DE DENTES INCLUSOS OU IMPACTADOS"
"2266";"RESTAURACAO FOTO-POLIMERIZAVEL"
"2267";"EXERESE DE PINOS"
"2282";"COLOCACAO DE TEFLON"
"2288";"CAUTERIZACAO PONTO LACRIMAL"
"2173";"COLOCACAO DE PROTESE INTRAESOFAGICA POR VIDEOLAPAROSCOPIA"
"2194";"CIRURGIA DE OZINA"
"2195";"RESSECCAO DO GLOMA JUGULAR"
"2209";"ENTROPIO E ECTROPIO"
"2228";"RETIRADA DE MULTIPLOS ORGAOS"
"2236";"CRANIOPLASTIA"
"2262";"COLOCACAO PORTOCATH C/FINALIDADE QUIMIOTERAPIA"
"2233";"FRENECTOMIA"
"2269";"CRIO RETINOPEXIA"
"2283";"BIOPSIA DE RETO"
"2214";"BIOPSIA DE HIPOFARINGE"
"2275";"INSTALACAO CATETER TENCKHOFF OU LONGA PERM P/DPA/DPAC"
"2276";"RETIRADA CATETER TENCKHOFF OU SIMILIAR LONGA PERM."
"2284";"COR.CIR.FRATURA CAVIDADE ORBITARIA"
"2285";"REVISAO COTO AMPUTADO DE PERNA"
"2253";"RETIRADA DE DRENO"
"20479";"EXERESE DE CALAZIO E OUTRAS PEQUENAS LESOES DA PALPEBRA E SUPERCILIOS"
"2323";"APENDICECTOMIA VIDEOLAPAROSCOPICA"
"2261";"TRANSPLANTE DE CORNEA"
"2268";"INFILTRACAO FACIAL C/TOXINA BOTOLINICA"
"2270";"RETINOPEXIA PRIMARIA"
"2273";"COLETA POR ASPIRACAO DE MEDULA P/TMO"
"2294";"NEFROURETECTOMIA UNI PARA TRANSPLANTE"
"2313";"RETIRADA DE PULMAO PARA TRANSPLANTE"
"2314";"RETIRADA DE RIM PARA TRANSPLANTE"
"2309";"TORACECTOMIA C/RECONSTRUCAO PARIETAL"
"2318";"TRATAMENTO CIRURGICO DE FISTULA LIQUORICA"
"2319";"PUNCAO DE TIREOIDE ORIENTADA POR CT, ECO, RX"
"2322";"PUNCAO LOMBAR (INTRA-TECAL)"
"2308";"ANGIOPLASTIA"
"2278";"REPOSICAO DE PORTOCATH"
"2296";"TROCA DE SONDA (GASTROSTOMIA)"
"2303";"VIDEOMEDIASTINOSCOPIA"
"2271";"COLOCACAO DE CATETER DUPLO J"
"2300";"COLOCACAO DE CANULA"
"2312";"RETIRADA DE FIGADO PARA TRANSPLANTE"
"2286";"TRAT.CIR. DE HEMATOMA EXTRA DURAL"
"2293";"PROSTATOVESICULECTOMIA"
"2320";"PERITONESTOMIA C/TELA MARLEX"
"1615";"EXTIRPACAO DE MAMILO"
"1606";"HIMENOTOMIA"
"1695";"BURSECTOMIA"
"1501";"DRENAGEM DE ABSCESSO ISQUO-RETAL"
"1847";"PUNCAO LOMBAR"
"1861";"CORRECAO CIRURGICA DE C/A"
"1809";"TRATAMENTO CIRURGICO DA LUXACAO REC OMBRO"
"1822";"OSTEOSSINTESE DE TORNOZELO"
"1086";"TRATAMENTO CIRURGICO DA RUTURA DOS MENISCOS (ME"
"1466";"PROTESE PARCIAL DO QUADRIL"
"1347";"ESFINCTEROTOMIA INTERNA E TRAT FISS ANAL"
"1050";"TRATAMENTO CIRURGICO DA ARTRITE PIOGENICA COXO-FEMUR"
"1061";"REDUCAO CIRURGICA DE FRATURA DO COLO DO FEMUR"
"983";"EXERESE DE CALCULO SALIVAR"
"994";"DIVERTICULECTOMIA DO ESOFAGO"
"893";"DERMO-LIPECTOMIA (2 MEMBROS INFERIORES)"
"852";"PERDA SUBST CUT.LESOES EXT.PLANOS SUP."
"655";"MEDIASTINOSCOPIA COM BIOPSIA"
"623";"ANEURISMECTOMIA DA AORTA TORACICA"
"1450";"COLOCACAO DE CATETER VESICAL"
"512";"ESOFAGORRAFIA POR TORACOTOMIA"
"1783";"BIOPSIA DE FUNDO DE SACO"
"1604";"BARTOLINECTOMIA"
"719";"PAROTIDECTOMIA TOTAL"
"691";"MASTECTOMIA RADICAL MODIFICADA"
"1221";"RESSECCAO DE TUMOR OSSEO COM SUBSTIT"
"940";"TRATAMENTO CIRURGICO DE FISTULA C/RETALHO CUTANEO"
"25";"URETERECTOMIA"
"828";"PNEUMOPERITONIO POR SECCAO"
"1214";"EXERESE DE PLACA E PARAFUSO"
"2901";"ANASTOMOSE BILEO-DIGESTIVA EM ONCOLOGIA"
"392";"TORCICOLO CONGENITO - TRATAMENTO CIRURGICO"
"3047";"EXPLORACAO ARTICULAR COM OU SEM SINOVECTOMIA DE PEQUENAS ARTICULACOES"
"244";"PTOSE COLOBOMA"
"248";"RECOBRIMENTO CONJUNTIVAL"
"255";"SUTURA DE CONJUNTIVA"
"208";"CICLOIDATERMIA"
"214";"DACRIOSTOMIA"
"93";"RESSECCAO TRANS-URETRAL DE COLO VESICAL"
"96";"RESSECCAO TRANS-URETRAL VAL URETRA POSTE"
"2364";"ARTROPLASTIA COXOFEMURAL COM PRÓTESE"
"22";"URETEROCISTONEOSTOMIA"
"39";"SUSPENSAO ENDOSCOPICA VESICAL C PERE"
"47";"CORRECAO DE EPISPADIA"
"2014";"DACRIOCISTOTOMIA EXTERNA"
"2021";"EXERESE DE TUBO ENDOTRAQUEAL"
"2122";"EXAME GINECOLOGICO SOB ANESTESIA"
"2245";"EXERESE DE TUMOR DE CONJUNTIVA"
"2235";"SUTURA DE CORNEA"
"2134";"SETORECTOMIA C/ ESVAZIAMENTO  AXILAR"
"2348";"ESTUDO ELETROFISIOLÓGICO (TERAPÊUTICO)"
"2353";"ARTROCENTESE DE PUNHO"
"2354";"ARTROCENTESE DE JOELHO"
"2355";"ARTROCENTESE DE TORNOZELO"
"2356";"PARASCENTESE DO TÍMPANO"
"2670";"REDUCAO INCRUENTA DE FRATURA DA DIAFISE DO UMERO"
"2360";"RETIRADA DE PANCREAS PARA TRANSPLANTE"
"2361";"IMPLANTE DE DESFIBRILADOR"
"2362";"TROCA DE GERADOR DE DESFIBRILADOR"
"2128";"CORRECAO DE LACERACAO VAGINAL"
"2338";"HISTEROSCOPIA CIRURGICA COM RESSECTOSCOPIO"
"2350";"RETOSSIGMOIDOSCOPIA COM POLIPECTOMIA"
"141";"PIELOPLASTIA PERCUTANEA"
"74";"EXERESE DE CISTO DE CORDAO"
"371";"COLOCACAO DE PROTESE TESTICULAR"
"66";"IMPLANTE DE PROTESE PENIANA"
"2367";"EMBOLIZAÇÃO DE TUMORES INTRACRANIANOS"
"2368";"EMBOLIZAÇÃO DE TUMORES DE CABEÇA E PESCOÇO"
"2370";"REVASCULARIZACAO MIOCARDIO S/ CEC"
"1825";"EXTRACAO DENTARIA"
"2986";"COLOCACAO DE PROTESE LARINGO-TRAQUEAL - TRAQUEAL - TRAQUEO-BRONQUICA - BRONQUICA POR VIA ENDOSCOPICA (INCLUI PROTESE)"
"1775";"FIXACAO DE PATELA"
"1542";"REMOCAO DE CERUME DE C.A.E."
"1494";"EXERESE DE CORPO ESTRANHO SUBCUTANEO"
"1470";"ARTRODESE TALAR"
"1357";"TRATAMENTO CIRURGICO DO PROP ANAL MUCOSO"
"1224";"EXERESE DE EXOSTOSE"
"1204";"TENOPLASTIA OU ENXERTO TENDAO OUTRAS REG"
"1160";"REDUCAO CIRURGICA DE LUXACAO ESTERNO-CLAVICULAR"
"1072";"ARTRODESE DO JOELHO"
"1024";"BIOPSIA DE ARTICULACAO SACRO-ILIACA"
"1039";"DESARTICULACAO COXO-FEMORAL"
"979";"GASTRECTOMIA PROXIMAL RADICAL"
"934";"TRATAMENTO CIRURGICO DA SINDACTILIA-DOIS INTRA DIGI"
"815";"BIOPSIA DE PAREDE ABDOMINAL"
"725";"DRENAGEM DE ABSCESSO SUBFRENICO"
"2539";"MICROCIRURGIA DESCOMPRESSIVA DE NERVOS CRANIANOS"
"628";"CORRECAO SINDACTILIA"
"662";"PLEUROSCOPIA COM BIOPSIA"
"607";"OSTEOSSINTESE DE PATELA"
"564";"EXERESE DE TUMOR CAROTIDEO"
"562";"DISSECCAO DE ARTERIA"
"509";"ENDOESCLEROSE DE VARIZES ESOFAGICAS"
"839";"EXERESE DE RANULA"
"119";"INCISAO E DRENAGEM DE ABSCESSO PERI-URETRAL"
"1720";"EXPLORACAO CIRURGICA DO DEFERENTE"
"781";"ENTEROENTEROANASTOMOSE"
"1267";"ALONGAMENTO DE TENDAO"
"902";"ALONGAMENTO DE COLUMELA"
"1369";"HEMORROIDECTOMIA"
"29";"CISTOSTOMIA"
"851";"HOMOENXERTIA ATO CIR.PRE E POS OPERAT."
"1435";"EXERESE DE CISTO DE MAMA"
"1578";"INCISAO DE PREPUCIO"
"1389";"REVISAO DE TRANSPLANTE RENAL"
"18";"NEFROURETERECTOMIA"
"2024";"BYPASS SAFENO-FEMORAL"
"2059";"OSTEOTOMIA ALVEOLAR MAXILA"
"2392";"TREPANO-PUNÇÃO PARA ABSCESSO/EMPIEMA CEREBRAL"
"2153";"HERNIOPLASTIA VIDEOLAPAROSCOPICA"
"2289";"EVISCERACAO GLOBO OCULAR"
"2302";"BIOPSIA INCISIONAL DE ADENOMEGALIA"
"2377";"IMPLANTE DE MARCAPASSO MULTISÍTIO"
"2378";"IMPLANTE DE MARCAPASSO CARDÍACO DUPLA CÂMARA"
"2380";"MICROCIRURGIA VASCULAR INTRACRANIANA"
"2382";"MICROCIRURGIA PARA TUMOR MEDULAR"
"2384";"MICROCIRURGIA DE NERVO PERIFÉRICO"
"744";"TRATAMENTO CIRURGICO DE VARIZES DE ESOFAGO"
"2386";"CRANIOTOMIA PARA HEMATOMA INTRACEREBRAL"
"2389";"CRANIOTOMIA PARA ABSCESSO/EMPIEMA CEREBRAL"
"2394";"DERIVAÇÃO VENTRÍCULO-PERITONEAL"
"2397";"CORREÇÃO CIRÚRGICA DE MENINGOMIELOCELE"
"1700";"EXERESE MATERIAL DE SINTESE"
"1638";"EXERESE DE CORPO ESTRANHO DO NARIZ"
"1448";"REINTERVENCAO DE BYPASS"
"1368";"TRATAMENTO CIRURGICO DA PERITONITE MECONIAL"
"1148";"TRATAMENTO CIRURGICO DE PSEUDO-ARTR ESCAF CARPIANO"
"1230";"REDUCAO INCRUENTA DE FRATURA-LUXACAO DO TORNOZELO"
"715";"LINFADENECTOMIA RADICAL UNILATERAL A"
"20485";"TRATAMENTO CIRIURGICO DE DISRAFISMO ABERTO"
"1107";"ARTRODESE DO TORNOZELO"
"2395";"REVISÃO DE DERIVAÇÃO VENTRÍCULO-PERITONEAL"
"2385";"CRANIOTOMIA PARA TUMOR CEREBRAL"
"2381";"MICROCIRURGIA PARA TUMOR INTRACRANIANO"
"1982";"URETEROSTOMIA CUTANEA BILATERAL"
"806";"EXERESE DE FECOLOMA"
"2850";"ARTRODESE TORACO-LOMBO-SACRA POSTERIOR SETE NIVEIS"
"853";"ESTAGIOS SUBSEQUENTES DE ENXERTIA"
"181";"AMIDALECTOMIA"
"1300";"PROCTOPEXIA ABDOMINAL POR PROCEDENCIA RE"
"2902";"COLEDOCOTOMIA COM OU SEM COLECISTECTOMIA EM ONCOLOGIA"
"2207";"SALPINGECTOMIA VIDEOLAPAROSCOPICA"
"1975";"PIELOPLASTIA BILATERAL"
"2400";"LAMINECTOMIA"
"1902";"CONIZACAO COLO UTERINO"
"310";"DRENAGEM DE ABSCESSO PELVICO"
"1439";"COLPORRAFIA"
"1167";"DESARTICULACAO ESCAPULO-UMERAL"
"724";"TIREOIDECTOMIA TOTAL C/ESVAZAMENTO GANGLIONAR"
"2240";"RETIRADA DE RESERVATORIO"
"340";"DUODENO - DUODENO AMASIOMOSE"
"31";"CISTECTOMIA RADICAL C/ DERIVACAO"
"121";"EXERESE DE CARUNCULA URETRAL"
"2237";"LARINGOSCOPIA C/LASER P/RET. POLIPO ,NOD  OU PAPILOMA"
"2402";"DERIVACAO VENTRICULO ATRIAL"
"132";"URETEROSCOPIA"
"2410";"RESSECÇÃO DE TUMOR INTRACARDIACO"
"731";"HERNIOPLASTIA UMBILICAL"
"459";"HISTERECTOMIA"
"516";"EXERESE DE CORPO ESTRANHO"
"224";"EXERESE DE TUMOR"
"1637";"TIMPANOTOMIA PARA TUBO DE VENTILACAO"
"641";"ESTERNECTOMIA COM OU SEM PROTESE"
"808";"BIOPSIA DE FIGADO POR ASPIRACAO OU PUNCAO"
"195";"MANDIBULECTOMIA"
"326";"SALPINGECTOMIA UNILATERAL"
"671";"BIOPSIA DE PULMAO A CEU ABERTO"
"2412";"TROMBOENDARTERECTOMIA PULMONAR"
"1170";"LUXACAO TRAUMATICA ESCAPULO-UMERAL(CRUENTA)"
"2418";"MANIPULACAO DE QUADRIL"
"2461";"OCLUSAO PERCUTANEA ENDOVASCULAR DE ARTERIA OU VEIA"
"2426";"REINTERVENÇÃO DE FISTULA ARTERIO-VENOSA"
"2428";"ANGIOPLASTIA INTRALUMINAL DOS VASOS DAS EXTREMIDADES"
"2429";"ANGIOPLASTIA INTRALUMINAL DOS VASOS DAS EXTREMIDADES COM STENT NÃO RECOBERTO"
"2430";"ANGIOPLASTIA INTRALUMINAL DOS VASOS DAS EXTREMIDADES COM STENT RECOBERTO"
"2436";"ANGIOPLASTIA INTRALUMINAL DE VASOS VISCERAIS OU RENAIS"
"2437";"ANGIOPLASTIA INTRALUMINAL DE VASOS VISCERAIS COM STENT NÃO RECOBERTO"
"2438";"ANGIOPLASTIA INTRALUMINAL COM STENT RECOBERTO"
"2439";"COLOCACAO PERCUTANEA DE FILTRO DE VEIA CAVA NA TROMBOSE VENOSA PERIFERICA E EMBOLIA PULMONAR"
"2440";"ANGIOPLASTIA INTRALUMINAL DA AORTA, VEIA CAVA OU VASOS ILIACOS COM STENT NÃO RECOBERTO"
"476";"PORTOCOLECISTOSTOMIA"
"2442";"ANGIOPLASTIA INTRALUMINAL DA AORTA, VEIA CAVA OU VASOS ILIACOS SEM STENT"
"2462";"RETIRADA DE CORPO ESTRANHO EM SISTEMA CARDIOVASCULAR POR TÉCNICAS HEMODINÂMICAS"
"2445";"EMBOLIZACAO ARTERIAL DE HEMORRAGIA DIGESTIVA"
"2446";"TRATAMENTO DA HEMATURIA OU SANGRAMENTO GENITAL POR EMBOLIZAÇÃO"
"2447";"TRATAMENTO DA EPISTAXE POR EMBOLIZAÇÃO"
"2448";"TRATAMENTO DE HEMOPTISE POR EMBOLIZAÇÃO PERCUTANEA"
"2450";"ANGIOPLASTIA INTRALUMINAL DOS VASOS DO PESCOÇO OU TRONCOS SUPRAAORTICOS"
"2451";"ANGIOPLASTIA INTRALUMINAL DOS VASOS DO PESCOÇO OU TRONCOS SUPRAAORTICOS COM STENT NÃO RECOBERTO"
"2452";"ANGIOPLASTIA INTRALUMINAL DOS VASOS DO PESCOÇO OU TRONCOS SUPRAAORTICOS COM STENT RECOBERTO"
"2453";"SHUNT INTRAHEPATICO PORTO SISTEMICO (TIPS) COM STENT NÃO RECOBERTO"
"2454";"CORRECAO ENDOVASCULAR DE ANEURISMA OU DISSECÇÃO DA AORTA TORACICA COM ENDOPROTESE RETA OU CONICA"
"2455";"CORREÇÃO ENDOVASCULAR DE ANEURISMA OU DISSECÇÃO DA AORTA ABDOMINAL COM ENDOPROTESE RETA OU CONICA"
"2456";"CORRECAO ENDOVASCULAR DE ANEURISMA OU DISSECÇÃO DA AORTA ABDOMINAL E ILIACAS COM ENDOPROTESE BIFURCADA"
"2457";"CORREÇÃO ENDOVASCULAR DE ANEURISMA OU DISSECÇÃO DAS ILIACAS COM ENDOPROTESE TUBULAR"
"2458";"RECONSTRUÇÃO DA BIFURCAÇÃO AORTO ILIACA COM ANGIOPLASTIA E STENTS"
"2460";"TRATAMENRO ENDOVASCULAR DE FISTULAS ARTERIOVENOSAS"
"2464";"ATRIOSEPTOSTOMIA COM CATETER BALAO"
"2444";"EMBOLIZACAO DE MALFORMACOES VASCULARES ARTERIOVENOSAS"
"2468";"ANGIOPLASTIA CORONARIANA COM IMPLANTE DE PROTESE INTRALUMINAL"
"2469";"ANGIOPLASTIA CORONARIANA COM IMPLANTE DE DUPLA PROTESE INTRALUMINAL ARTERIAL"
"2470";"ANGIOPLASTIA EM ENXERTOS CORONARIANO"
"2471";"ANGIOPLASTIA EM ENXERTOS CORONARIANO COM IMPLANTE DE PROTESE"
"2472";"ANGIOPLASTIA CORONARIANA PRIMARIA (INCLUSO CATETERISMO)"
"2449";"FIBRINOLISE INTRAVASCULAR POR CATETER"
"2416";"COLOCACAO DE PROTESE TRAQUEAL"
"2467";"ANGIOPLASTIA CORONARIANA"
"2413";"PLEUROSTOMIA"
"2424";"LINFADENECTOMIA PELVICA"
"1161";"TRATAMENTO CIRURGICO DE PSEUDO-ARTOSE CLAV"
"2475";"ANGIOPLASTIA DA AORTA E RAMOS E VASOS VENOSOS COM CATETER BALAO"
"2477";"FECHAMENTO PERCUTANEO DO CANAL ARTERIAL OU FISTULAS ARTERIOVENOSAS C/ COILS LIBERAÇÃO CONTROLADA"
"2478";"ESTUDO ELETROFISIOLOGICO DIAGNOSTICO"
"2479";"ESTUDO ELETROFISIOLOGICO TERAPEUTICO I: ABLAÇÃO DE TAQUICARDIA POR RE-ENTRADA NODAL;DE VIAS ANOMALAS DIREITAS, DE TV IDI"
"2480";"ESTUDO ELETROFISIOLOGICO TERAPEUTICO I: ABLAÇÃO DO NÓ AV"
"2481";"ESTUDO ELETROFISIOLOGICO TERAPEUTICO I:ABLAÇÃO DE FLUTER ATRIAL"
"2618";"RESSECÇÃO DE TUMOR E RECONSTRUÇÃO C/ RETALHO NÃO MICROCIRURGICO (EXCETO MÃO E PÉ)"
"2586";"ESCAPULOPEXIA C/ OU S/ OSTEOTOMIA DA ESCAPULA / RESSCÇÃO BARRA OMO-CERVICAL"
"2587";"OSTECTOMIA DA CLAVICULA OU DA ESCAPULA"
"2590";"REALINHAMENTO DE MECANISMO EXTENSOR DOS DEDOS DA MÃO"
"2591";"REIMPLANTE DO OMBRO ATE O TERÇO MEDIO DO ANTEBRAÇO"
"2592";"REIMPLANTE DO TERÇO DISTAL DO ANTEBRAÇO ATE OS METACARPIANOS"
"2910";"METASTASECTOMIA HEPATICA EM ONCOLOGIA"
"2597";"TRATAMENTO CIRURGICO P/ CENTRALIZAÇÃO DO PUNHO"
"2602";"TRATAMENTO CIRURGICO DE MÃO OU PÉ EM FENDA/ DEDO BIFIDO /MACRODACTILIA"
"2603";"ARTRODESE DE GRANDES ARTICULAÇÕES SACRO-ILICAS"
"2604";"RECONSTRUÇÃO OSTEOPLASTICA DO QUADRIL"
"2605";"TRATAMENTO CIRURGICO DE ASSOCIAÇÃO FRATURA / LUXAÇÃO/ FRATURA-LUXAÇÃO/ DISJUNÇÃO DO ANEL PELVICO"
"2606";"TRATAMENTO CIRURGICO DE FRATURA / LUXAÇÃO COXO-FEMORAL C/ FRATURA DA EPIFISE FEMORAL"
"2607";"TRATAMENTO CIRURGICO DE FRATURA -LUXAÇÃO DA ARTICULAÇÃO COXO-FEMORAL (DUPLO ACESSO)"
"2608";"ARTROPLASTIA UNICOMPARTIMENTAL PRIMARIA DE JOELHO"
"2609";"RECONSTRUÇÃO OSTEOPLASTICA DO JOELHO"
"2610";"REIMPLANTE AO NIVEL DA COXA ATE O TERÇO PROXIMAL DA PERNA"
"2611";"REIMPLANTE DO TERÇO MEDIO  DA PERNA ATE O PÉ"
"2615";"TRATAMENTO CIRURGICO DE PÉ TALO VERTICAL"
"2616";"TRATAMENTO CIRURGICO DE PSEUDARTROSE CONGENITA DA TIBIA"
"2617";"RESSECÇÃO DE TUMOR E RECONSTRUÇÃO C/ RETALHO MICROCIRURGICO"
"2619";"RESSECÇÃO DE TUMOR E RECONSTRUÇÃO C/ TRANSPORTE OSSEO"
"2584";"ECOGRAFIA PARA CONTROLE OVULATORIO"
"2623";"RECONSTRUÇÃO GLÚTEA OU PERIANAL"
"2626";"IMPLANTE DE ELETRODO PARA ESTIMULAÇÃO CEREBRAL"
"2558";"ARTERIOGRAFIA SUBCLAVIA"
"2559";"ARTERIOGRAFIA SELETIVA"
"2904";"INSTALACAO DE TRACAO CRANIANA"
"2987";"TRAQUEOSTOMIA COM COLOCACAO DE ORTESE TRAQUEAL OU TRAQUEOBRONQUICA"
"2570";"GASTROPLASTIA COM DERIVAÇÃO INTESTINAL"
"2571";"GASTROPLASTIA VERTICAL COM BANDA"
"20487";"RESSECÇÃO DE FENDA CERVICAL MEDIANA CONGÊNITA"
"2672";"REDUCAO INCRUENTA DE FRATURA DIAFISIARIA DOS OSSOS DO ANTEBRACO"
"2431";"COLOCAÇÃO PERCUTÂNEA DE FILTRO DE VEIA CAVA"
"2673";"REDUCAO INCRUENTA DE LUXACAO OU FRATURA DE PUNHO"
"2994";"CURETAGEM POS-ABORTAMENTO - PUERPERAL"
"2631";"NEURORRAFIA"
"576";"SETORECTOMIA C/LINFADENECTOMIA"
"2632";"TRANSPOSIÇÃO DO NERVO CUBITAL"
"2800";"TORACECTOMIA COM RESSECCAO DE ESTRUTURAS INTRA-TORACICAS EM ONCOLOGIA"
"2801";"HISTERECTOMIA COM OU SEM ANEXECTOMIA (UNI - BILATERAL) EM ONCOLOGIA"
"2585";"AMNIOCENTESE"
"20229";"HERNIORRAFIA UMBILICAL COM TELA"
"748";"GASTRECTOMIA PARCIAL"
"2630";"MICROCIRURGIA DE PLEXO BRAQUIAL COM MICROENXERTIA"
"1066";"REDUCAO INCRUENTA DE EXTREM INFERIOR DO"
"907";"SEPTOPLASTIA REPARADORA NAO ESTETICA"
"2633";"TRATAMENTO CIRURGICO DE NEUROPATIA COMPRESSIVA"
"2804";"LAPAROTOMIA PARA AVALIAÇÃO DE TUMOR DE OVARIO EM ONCOLOGIA"
"2805";"VULVECTOMIA TOTAL AMPLIADA COM LINFADENECTOMIA EM ONCOLOGIA"
"2807";"PROCTOCOLECTOMIA TOTAL EM ONCOLOGIA"
"2851";"TRATAMENTO CIRURGICO DE DEFORMIDADE DA COLUNA VIA POSTERIOR DOZE NIVEIS OU MAIS"
"2852";"TRATAMENTO CIRURGICO DE DEFORMIDADE DA COLUNA VIA POSTERIOR ONZE NIVEIS"
"2853";"TRATAMENTO CIRURGICO DE DEFORMIDADE DA COLUNA VIA POSTERIOR SETE NIVEIS"
"2870";"TRATAMENTO CIRURGICO DE DEFORMIDADE DA COLUNA VIA ANTERIOR TRES NIVEIS"
"1210";"EXERESE DE CORPO ESTRANHO INTRA-OSSEO"
"2573";"DERMOLIPECTOMIA BRAQUIAL"
"2574";"DERMOLIPECTOMIA CRURAL"
"2561";"ARTERIOGRAFIA VERTEBRAL"
"2560";"ARTERIOGRAFIA TORACICA"
"1001";"REVISAO DE COTO AMPUTADO"
"2674";"REVISAO CIRURGICA DE COTO DE AMPUTACAODO MEMBRO SUPERIOR (EXCETO MAO)"
"2803";"HISTERECTOMIA COM RESSECCAO DE ORGAOS CONTIGUOS EM ONCOLOGIA"
"2810";"COLECTOMIA TOTAL EM ONCOLOGIA"
"2811";"COLECTOMIA PARCIAL - HEMICOLECTOMIA EM ONCOLOGIA"
"2868";"TRATAMENTO CIRURGICO DE DEFORMIDADE DA COLUNA VIA ANTERIOR QUATRO NIVEIS"
"2869";"TRATAMENTO CIRURGICO DE DEFORMIDADE DA COLUNA VIA ANTERIOR DOIS NIVEIS"
"2872";"EXTIRPACAO MULTIPLA DE LESAO DA PELE OU TECIDO CELULAR SUBCUTANEO EM ONCOLOGIA"
"2873";"MASTECTOMIA RADICAL COM LINFADENECTOMIA AXILAR EM ONCOLOGIA"
"2906";"RESSECCAO ALARGADA DE TUMOR DE INTESTINO EM ONCOLOGIA"
"2924";"RESSECCAO AMPLIADA DE VIA BILIAR EXTRAHEPATICA EM ONCOLOGIA"
"2925";"ESOFAGOGASTRECTOMIA COM TORACOTOMIA EM ONCOLOGIA"
"2932";"MANDIBULECTOMIA PARCIAL EM ONCOLOGIA"
"2942";"RESSECCAO EM CUNHA DE LABIO E SUTURA EM ONCOLOGIA"
"2943";"PARATIREOIDECTOMIA TOTAL EM ONCOLOGIA"
"3052";"EXPLORACAO ARTICULAR COM OU SEM SINOVECTOMIA DE MEDIAS - GRANDES ARTICULACOES"
"3053";"DIAFISECTOMIA DE OSSOS LONGOS"
"3059";"CRANIOTOMIA DESCOMPRESSIVA"
"3061";"CRANIOTOMIA  DESCOMPRESSIVA"
"3068";"REVISAO DE ARTRODESE - TRATAMENTO CIRURGICO DE PSEUDARTROSE DA COLUNA CERVICAL POSTERIOR"
"3069";"RESSECCAO DE 2 OU MAIS CORPOS VERTEBRAIS TORACO-LOMBO-SACROS"
"3074";"RESSECCAO DE ELEMENTO VERTEBRAL POSTERIOR - POSTERO-LATERAL DISTAL A C2 (ATE 2 SEGMENTOS)"
"3075";"RESSECCAO DE UM CORPO VERTEBRAL CERVICAL"
"3078";"RETIRADA DE CORPO ESTRANHO DA COLUNA CERVICAL POR VIA ANTERIOR"
"3079";"RETIRADA DE CORPO ESTRANHO DA COLUNA CERVICAL POR VIA POSTERIOR"
"3084";"ARTRODESE DA SINFISE PUBICA"
"3085";"TRATAMENTO CIRURGICO DE FRATURA DO CALCANEO"
"3090";"TRATAMENTO CIRURGICO DE PSEUDARTROSE - RETARDO DE CONSOLIDACAO AO NIVEL DO JOELHO"
"3091";"COLOCACAO DE PROTESE BILIAR"
"3094";"HEPATORRAFIA COMPLEXA COM LESAO DE ESTRUTURAS VASCULARES BILIARES"
"3095";"PANCREATECTOMIA VIDEOLAPAROSCOPICA"
"2697";"TRATAMENTO CIRURGICO DE FRATURA DO PILAO TIBIAL"
"2698";"TRATAMENTO CIRURGICO DE FRATURA DO PLANALTO TIBIAL"
"2693";"REDUCAO INCRUENTA DE LUXACAO - FRATURA-LUXACAO DO JOELHO"
"2662";"TRATAMENTO CIRURGICO DE FRATURA DO COLO E CAVIDADE GLENOIDE DE ESCAPULA"
"2667";"REDUCAO INCRUENTA - LESAO FISIARIA DE COTOVELO"
"2671";"REDUCAO INCRUENTA DE LUXACAO - FRATURA-LUXACAO DE METACARPO-FALANGIANA - METATARSO-FALANGIANA - INTER-FALANGIANA"
"2682";"ARTROPLASTIA DE JOELHO (NÃO CONVENCIONAL)"
"2683";"ARTROPLASTIA TOTAL PRIMARIA DO JOELHO"
"2712";"RESSECCAO DE PAVILHAO AURICULAR EM ONCOLOGIA"
"3058";"EXERESE DE TUMOR DE VIAS AEREAS SUPERIORES - FACE E PESCOCO"
"949";"PLASTICA MAMARIA MASCULINA(GINECOMASTIA)"
"2907";"RESSECCAO ALARGADA DE TUMOR DE PARTES MOLES DE PAREDE ABDOMINAL EM ONCOLOGIA"
"2933";"TIREOIDECTOMIA TOTAL EM ONCOLOGIA"
"2690";"RECONSTRUCAO LIGAMENTAR INTRA-ARTICULAR DO JOELHO (CRUZADO POSTERIOR COM OU SEM ANTERIOR)"
"2692";"REDUCAO INCRUENTA DE FRATURA DIAFISARIA - LESAO FISARIA PROXIMAL DO FÊMUR"
"2696";"TALECTOMIA"
"2699";"TRATAMENTO CIRURGICO DE FRATURA LESAO FISARIA AO NIVEL DO JOELHO"
"2704";"TRATAMENTO CIRURGICO DE FRATURA LESAO FISARIA DISTAL DE TIBIA"
"2706";"TRATAMENTO CIRURGICO DE FRATURA DE CALCANEO"
"2708";"CATETER VENOSO CENTRAL DUPLO LUMEN"
"2714";"RETIRADA DE LESAO POR SHAVING"
"2720";"SUPRARRENALECTOMIA BILATERAL"
"2728";"DESCOMPRESSAO DE ORBITA POR DOENÇA OU TRAUMA"
"2129";"VENTRICULOSTOMIA PARA MONITORIZACAO DE PRESSAO INTRACRANIANA"
"2750";"MASTOIDECTOMIA SUBTOTAL"
"1609";"CURETAGEM SEMIOTICA COM OU SEM DILATACAO DO COLO"
"2766";"RESSECCAO DO COLO VESICAL - TUMOR VESICAL A CEU ABERTO"
"2767";"SINFISIOTOMIA DO RIM EM FERRADURA (NEFROPLASTIA)"
"2808";"EXENTERACAO PELVICA TOTAL EM ONCOLOGIA"
"2809";"RETOSSIGMOIDECTOMIA ABDOMINAL EM ONCOLOGIA"
"2812";"COLECTOMIA PARCIAL (HEMICOLECTOMIA) EM ONCOLOGIA"
"1583";"LINFADENECTOMIA PROFUNDA"
"930";"TRATAMENTO CIRURGICO DE SINUS PRE-AURICULAR"
"2715";"EXTIRPACAO DE BOCIO INTRATORACICO POR VIA TRANSESTERNAL"
"2908";"EXCISAO LOCAL DE  TUMOR DO RETO EM ONCOLOGIA"
"2909";"GASTRECTOMIA PARCIAL EM ONCOLOGIA"
"2926";"ESOFAGOCOLOPLASTIA OU ESOFAGOGASTROPLASTIA EM ONCOLOGIA"
"2927";"ESOFAGOGASTRECTOMIA SEM TORACOTOMIA EM ONCOLOGIA"
"2928";"LARINGECTOMIA TOTAL EM ONCOLOGIA"
"2929";"PELVIGLOSSOMANDIBULECTOMIA EM ONCOLOGIA"
"2936";"TRAQUEOSTOMIA TRANSTUMORAL EM ONCOLOGIA"
"2937";"PAROTIDECTOMIA PARCIAL EM ONCOLOGIA"
"2954";"LINFADENECTOMIA INGUINAL UNILATERAL EM ONCOLOGIA"
"878";"CORRECAO CIRURGICA DE HIPERTROFIA DOS PEQUENOS LABIOS"
"3008";"TRATAMENTO CIRURGICO DE COAPTACAO DE NINFAS"
"3010";"COLPOPERINEOPLASTIA POSTERIOR"
"3011";"COLPOPERINEORRAFIA NAO OBSTETRICA"
"2659";"ARTROPLASTIA DE CABECA DO RADIO"
"2669";"REDUCAO INCRUENTA DE FRATURA - LUXACAO DE MONTEGGIA OU DE GALLEAZZI"
"2676";"TRATAMENTO CIRURGICO DE FRATURA - LESAO FISARIA DE EPICONDILO - EPITROCLEA DO UMERO"
"2677";"TRATAMENTO CIRURGICO DE FRATURA DA EXTREMIDADE - METAFISE PROXIMAL DOS OSSOS DO ANTEBRACO"
"2684";"ARTROPLASTIA UNICOMPORTAMENTAL PRIMARIA DO JOELHO"
"2694";"REDUCAO INCRUENTA DE LUXACAO FEMURO-PATELAR"
"2695";"TRATAMENTO CIRURGICO DE FRATURA SUBTROCANTERIANA"
"2710";"INCISAO E DRENAGEM DE ABSCESSO"
"857";"EXERESE E ENXERTO DE PELE"
"2716";"ENXERTO COMPOSTO"
"2725";"DERIVACAO RAQUE PERITONEAL"
"2730";"MICROCIRURGIA DA SIRINGOMIELIA"
"2738";"TRATAMENTO CIRURGICO DE ABSCESSO INTRACRANIANO"
"2739";"TRATAMENTO CIRURGICO DE DISRAFISMO OCULTO"
"2874";"MASTECTOMIA SIMPLES EM ONCOLOGIA"
"2754";"TIREOPLASTIA"
"2756";"COLOCACAO PERCUTANEA DE CATETER PIELO-URETERO-VESICAL UNILATERAL"
"2757";"DILATACAO PERCUTANEA DE ESTENOSES URETERAIS E JUNCAO URETERO-VESICAL"
"2768";"RETIRADA PERCUTANEA DE CALCULO URETERAL COM CATETER"
"2769";"TRATAMENTO CIRURGICO DE BEXIGA NEUROGENICA"
"2799";"EXENTERACAO PELVICA POSTERIOR EM ONCOLOGIA"
"2814";"HERNIORRAFIA UMBILICAL VIDEOLAPAROSCOPICA"
"2815";"HERNIORRAFIA SEM RESSECCAO INTESTINAL (HERNIA ESTRANGULADA )"
"1208";"EXERESE DE CORPO ESTRANHO INTRA-ARTICULAR"
"2875";"SEGMENTECTOMIA-QUADRANTECTOMIA-SETORECTOMIA DE MAMA EM ONCOLOGIA"
"2878";"HEMIPELVECTOMIA EM ONCOLOGIA"
"2882";"LINFADENECTOMIA RETROPERITONIAL"
"2717";"ENXERTO DERMO-EPIDERMICO"
"2912";"BIOPSIAS MULTIPLAS INTRA-ABDOMINAIS EM ONCOLOGIA"
"2930";"LARINGECTOMIA PARCIAL EM ONCOLOGIA"
"2946";"LINFADENECTOMIA RADICAL MODIFICADA CERVICAL UNILATERAL EM ONCOLOGIA"
"2931";"PAROTIDECTOMIA TOTAL AMPLIADA EM ONCOLOGIA"
"2934";"MANDIBULECTOMIA TOTAL EM ONCOLOGIA"
"2935";"FARINGECTOMIA TOTAL EM ONCOLOGIA"
"2938";"FARINGECTOMIA PARCIAL EM ONCOLOGIA"
"2939";"RESSECCAO TOTAL DE LABIO E RECONSTRUCAO COM RETALHO MIOCUTANEO EM ONCOLOGIA"
"2947";"LINFADENECTOMIA SUPRACLAVICULAR UNILATERAL EM ONCOLOGIA"
"2956";"DRENAGEM DE COLECOES VISCERAIS - CAVITARIAS POR CATETERISMO"
"2957";"TRATAMENTO DE GRANDE QUEIMADO"
"2967";"PNEUMORRAFIA"
"1036";"ARTROPLASTIA COXO-FEMURAL"
"1049";"ARTROPLASTIA CIR ARTRIT PIOG COXO-FEMORAL"
"2701";"TRATAMENTO CIRURGICO DE PSEUDOARTROSE - RETARDO DE CONSOLIDACAO - PERDA OSSEA AO NIVEL DO TARSO"
"2660";"REPARO DE ROTURA DO MANGUITO ROTADOR (INCLUI PROCEDIMENTOS DESCOMP)"
"2663";"RECONSTRUCAO CAPSULO-LIGAMENTAR DE COTOVELO E PUNHO"
"2661";"RECONSTRUCAO DE POLIA TENDINOSA DE MAO"
"2678";"TRATAMENTO CIRURGICO DE PSEUDO-ARTROSE - RETARDO DE CONSOLIDACAO - PERDA OSSEA DA MAO"
"2679";"TRATAMENTO CIRURGICO DE PSEUDO-ARTROSE AO NIVEL DO COTOVELO"
"2686";"QUADRICEPSPLASTIA"
"2816";"TRATAMENTO CIRÚRGICO DE LESÃO AGUDA CAPSULO-LIGAMENTAR DO MEMBRO SUPERIOR: COTOVELO - PUNHO"
"2688";"RECONSTRUCAO LIGAMENTAR EXTRA ARTICULAR DO JOELHO"
"2687";"RECONSTRUCAO LIGAMENTAR INTRA-ARTICULAR DO JOELHO (CRUZADO ANTERIOR)"
"646";"TORACOTOMIA EXPLORADORA"
"2966";"CIRURGIA REDUTORA DO VOLUME PULMONAR (QUALQUER METODO)"
"2752";"SINUSOTOMIA ESFENOIDAL"
"2700";"TRATAMENTO CIRURGICO DE FRATURA DO TALUS"
"2726";"CRANIOTOMIA PARA  RETIRADA DE CORPO ESTRANHO INTRACRANIANO"
"2727";"CRANIOTOMIA PARA RETIRADA DE CORPO ESTRANHO INTRACRANIANO(COM TECNICA COMPLEMENTAR)"
"2758";"EXTRACAO ENDOSCOPICA DE CALCULO EM PELVE RENAL"
"2760";"NEFROPEXIA"
"2761";"NEFROPIELOSTOMIA"
"2770";"TRATAMENTO CIRURGICO DE CISTOCELE"
"2771";"TRATAMENTO CIRURGICO DE FISTULA VESICO-CUTANEA"
"2774";"TRATAMENTO CIRURGICO DE REFLUXO VESICO-URETERAL"
"2334";"TRACAO ESQUELETICA"
"2817";"REDUCAO INCRUENTA DE FRATURA DOS METACARPIANOS"
"2820";"ARTRODESE CERVICAL - CERVICO TORACICA POSTERIOR CINCO NIVEIS"
"2821";"ARTRODESE CERVICAL - CERVICO-TORACICA POSTERIOR DOIS NIVEIS"
"2828";"ARTRODESE CERVICAL ANTERIOR DOIS NIVEIS"
"2829";"ARTRODESE CERVICAL ANTERIOR QUATRO NIVEIS"
"2830";"ARTRODESE INTERSOMATICA VIA POSTERIOR - POSTERO-LATERAL UM NIVEL"
"2831";"ARTRODESE INTERSOMATICA VIA POSTERIOR - POSTERO-LATERAL DOIS NIVEIS"
"2834";"ARTRODESE OCCIPTO-CERVICAL (C2) POSTERIOR"
"2835";"ARTRODESE OCCIPTO-CERVICAL (C3) POSTERIOR"
"2836";"ARTRODESE OCCIPTO-CERVICAL (C4)POSTERIOR"
"2837";"ARTRODESE OCCIPTO-CERVICAL (C5) POSTERIOR"
"2838";"ARTRODESE OCCIPTO-CERVICAL (C6)POSTERIOR"
"2839";"ARTRODESE TORACO-LOMBO-SACRA ANTERIOR UM NIVEL"
"2840";"ARTRODESE TORACO-LOMBO-SACRA ANTERIOR DOIS NIVEIS"
"2844";"ARTRODESE TORACO-LOMBO-SACRA POSTERIOR DOIS NIVEIS"
"2841";"ARTRODESE TORACO-LOMBO-SACRA ANTERIOR TRES NIVEIS"
"2845";"TRATAMENTO CIRURGICO DE DEFORMIDADE DA COLUNA VIA POSTERIOR OITO NIVEIS"
"2858";"TRATAMENTO CIRURGICO DE DEFORMIDADE DA COLUNA VIA POSTERIOR QUATRO NIVEIS"
"2859";"TRATAMENTO CIRURGICO DE DEFORMIDADE DA COLUNA VIA ANTERIOR SEIS NIVEIS"
"20489";"RECONSTRUCAO DE PAREDE TORACICA"
"2680";"ARTROPLASTIA TOTAL PRIMARIA DO QUADRIL CIMENTADA"
"2702";"TRATAMENTO CIRURGICO DE FRATURA INTERCONDILEANA - DOS CONDILOS DO FÊMUR"
"2734";"RESSECÇÃO DE MUCOCELE FRONTAL"
"2764";"PIELOTOMIA"
"2772";"TRATAMENTO CIRURGICO DE FISTULA VESICO-RETAL"
"2773";"RESSECCAO DE PROLAPSO DA MUCOSA DA URETRA"
"164";"TIMPANOPLASTIA"
"21";"URETEROPLASTIA"
"2718";"SUPRARRENALECTOMIA UNILATERAL"
"1315";"EXERESE DE POLIPO ANAL"
"1711";"EXTRACAO ENDOSCOPICA DE CORPO ESTRANHO URETR"
"2732";"RECONSTRUCAO CRANIANA - CRANIO-FACIAL"
"2759";"IMPLANTE DE CATETER URETERAL POR TECNICA CISTOSCOPICA"
"2776";"TRATAMENTO CIRURGICO DE INCONTINENCIA URINARIA"
"2818";"TRATAMENTO CIRURGICO DE PSEUDARTROSE NA REGIAO METAFISE-EPIFISARIA DISTAL DO RADIO E ULNA"
"2819";"ARTRODESE CERVICAL - CERVICO-TORACICA POSTERIOR SEIS NIVEIS"
"2826";"ARTRODESE CERVICAL ANTERIOR TRES NIVEIS"
"2827";"ARTRODESE CERVICAL POSTERIOR C1-C2"
"2940";"RESSECCAO PARCIAL DE LABIO COM ENXERTO OU RETALHO EM ONCOLOGIA"
"2941";"LINFADENECTOMIA  CERVICAL RECORRENCIAL UNILATERAL EM ONCOLOGIA"
"2950";"LINFADENECTOMIA MEDIASTINAL EM ONCOLOGIA"
"2951";"LINFADENECTOMIA  SELETIVA GUIADA (LINFONODO SENTINELA) EM ONCOLOGIA"
"2958";"EXODONTIA MULTIPLA COM ALVEOLOPLASTIA POR SEXTANTE"
"2959";"TRATAMENTO CIRURGICO DE RETRACAO CICATRICIAL DO COTOVELO"
"2980";"ESTERNECTOMIA SUBTOTAL"
"2981";"TRATAMENTO DE MEDIASTINITE (QUALQUER VIA)"
"2984";"TRAQUEORRAFIA E OU FECHAMENTO DE FISTULA TRAQUEO-CUTANEA"
"3002";"VULVECTOMIA SIMPLES"
"3014";"COLPOTOMIA"
"3018";"MIO MECTOMIA"
"3031";"TRANSPOSICAO - TRANSFERENCIA MIOTENDINOSA MULTIPLA"
"3022";"ORQUIDOPEXIA BILATERAL"
"3023";"TRATAMENTO CIRURGICO DE INFECCAO POS-ARTROPLASTIA (GRANDES ARTICULACOES)"
"3026";"TRATAMENTO CIRURGICO DE DEFORMIDADE ARTICULAR POR RETRACAO TENO-CAPSULO-LIGAMENTAR"
"3027";"TRATAMENTO CIRURGICO DE ARTRITE INFECCIOSA (GRANDES E MEDIAS ARTICULACOES)"
"3049";"ARTROPLASTIA DE RESSECCAO DE MEDIA - GRANDE ARTICULACAO"
"3056";"AMPUTACAO - DESARTICULACAO DE DEDO"
"3070";"REVISAO DE ARTRODESE - TRATAMENTO CIRURGICO DE PSEUDOARTORSE DA COLUNA CERVICAL ANTERIOR"
"3071";"REDUCAO INCRUENTA COM MANIPULACAO DE LUXACAO ESPONTANEA - PROGRESSIVA DO QUADRIL COM APLICACAO DE DISPOSITIVOS DE CONTEN"
"3092";"TRATAMENTO CIRURGICO DE PSEUDARTROSE - RETARDO DE CONSOLIDACAO - PERDA OSSEA DO PE"
"2916";"EXCISAO E SUTURA COM PLASTICA EM Z NA PELE EM ONCOLOGIA"
"3015";"ALARGAMENTO DA ENTRADA VAGINAL"
"2917";"AMPUTACAO - DESARTICULACAO DE MEMBROS INFERIORES EM ONCOLOGIA"
"1033";"AMPUTACAO SUPRACONDILIANA"
"2918";"AMPUTACAO - DESARTICULACAO DE MEMBROS SUPERIORES EM ONCOLOGIA"
"2658";"ARTROPLASTIA ESCAPULO-UMERAL PARCIAL"
"2736";"RETIRADA DE PLACA DE CRANIOPLASTIA"
"178";"SEPTOPLASTIA"
"2509";"CATETERISMO CARDÍACO DIREITO"
"2255";"AMPLIACAO DE MARGENS"
"2778";"ORQUIECTOMIA UNI OU BILATERAL COM ESVAZIAMENTO GANGLIONAR"
"498";"CORRECAO CIRURGICA DE TRAUMATISMO DA BOLSA ESCROTAL"
"2779";"TRATAMENTO CIRURGICO DE VARICOCELE"
"2783";"CISTECTOMIA TOTAL COM DERIVAÇÃO SIMPLES EM ONCOLOGIA"
"2786";"NEFROURETERECTOMIA TOTAL EM ONCOLOGIA"
"2822";"ARTRODESE CERVICAL - CERVICO-TORACICA POSTERIOR UM NIVEL"
"2823";"ARTRODESE OCCIPTO-CERVICAL (C7) POSTERIOR"
"542";"ANEURISMECTOMIA TORACO-ABDOMINAL"
"2919";"EXCISAO DE TUMOR DE GLANDULA SUBLINGUAL EM ONCOLOGIA"
"2944";"LINFADENECTOMIA INGUINO-ILIACA UNILATERAL EM ONCOLOGIA"
"2945";"LINFADENECTOMIA RADICAL CERVICAL UNILATERAL EM ONCOLOGIA"
"2949";"LINFADENECTOMIA AXILAR UNILATERAL EM ONCOLOGIA"
"2952";"LINFADENECTOMIA RETROPERITONIAL EM ONCOLOGIA"
"20491";"DRENAGEM DE PSEUDOCISTO PANCREATICO"
"1158";"DEBRIDAMENTO E CURATIVO DE GANGRENA"
"2953";"DEBRIDAMENTO DE FASCEITE NECROTIZANTE"
"2960";"EXERESE DE CISTO ODONTOGENICO E NAO-ODONTOGENICO"
"2051";"CIRURGIA DE CISTOS INTRA-OSSEOS NA MAXILA"
"2961";"TRATAMENTO CIRURGICO DE RETRACAO CICATRICIAL NA REGIAO POPLITEA"
"2963";"TRATAMENTO DE INTERCORRENCIA EM PACIENTE MEDIO E GRANDE QUEIMADO"
"2970";"PNEUMONECTOMIA DE TOTALIZACAO"
"283";"OMENTECTOMIA PARCIAL"
"3004";"TRATAMENTO CIRURGICO DE INCONTINENCIA URINARIA POR VIA VAGINAL"
"2948";"LINFADENECTOMIA CERVICAL SUPRAOMO-HIOIDEA UNILATERAL EM ONCOLOGIA"
"3017";"HISTERORRAFIA"
"3020";"CURETAGEM UTERINA EM MOLA HIDATIFORME"
"3024";"TRATAMENTO CIRURGICO DE INFECCAO EM ARTROPLASTIA DAS MEDIAS - PEQUENAS ARTICULACOES"
"3034";"REVISAO CIRURGICA DE COTO DE AMPUTACAO DOS DEDOS"
"3035";"RETIRADA DE TRACAO TRANS-ESQUELETICA"
"2359";"BIOPSIA DE LINGUA"
"305";"BIOPSIA DE ENDOMETRIO"
"1574";"BIOPSIA DE CORDAO ESPERMATICO"
"2740";"TRATAMENTO CIRURGICO DE CRANIOSSINOSTOSE COM SUTURA UNICA"
"2741";"TRATAMENTO CIRÚRGICO DE CRANIOSSINOSTOSE COMPLEXA"
"2742";"TRATAMENTO CIRURGICO DE FRATURA DO CRANIO COM AFUNDAMENTO"
"72";"TRATAMENTO CIRURGICO DE TORCAO DE TESTICULO"
"2784";"COLPOPERINEOPLASTIA ANTERIOR E POSTERIOR COM AMPUTACAO DE COLO"
"2785";"PROSTATECTOMIA EM ONCOLOGIA"
"3016";"COLPOCLEISE (CIRURGIA DE LE FORT)"
"1672";"TRATAMENTO CIRURGICO DA POLIDACTILIA NAO ART."
"270";"ANEXECTOMIA"
"2962";"TRATAMENTO CIRURGICO DE RETRACAO CICATRICIAL DA AXILA"
"2794";"NEFRECTOMIA PARCIAL EM ONCOLOGIA"
"2824";"ARTRODESE CERVICAL - CERVICO-TORACICA POSTERIOR TRES NIVEIS"
"2825";"ARTRODESE CERVICAL ANTERIOR CINCO NIVEIS"
"2905";"HEPATECTOMIA PARCIAL EM ONCOLOGIA"
"20493";"EXÉRESE DE SIALÓLITO EM GLÂNDULA SUBMANDIBULAR"
"2921";"EXCISAO DE TUMOR DE GLANDULA SALIVAR EM ONCOLOGIA"
"2274";"EXCISAO DE GLANDULAR SALIVAR OU MUCOCELE(P.MOLES)"
"2964";"TRATAMENTO DE MEDIO QUEIMADO"
"2965";"TRATAMENTO DE PEQUENO QUEIMADO"
"2975";"MEDIASTINOTOMIA PARA DRENAGEM"
"2982";"MEDIASTINOTOMIA EXTRAPLEURAL POR VIA POSTERIOR"
"2983";"TRATAMENTO CIRURGICO DE FISTULA TRAQUEOESOFAGICA ADQUIRIDA"
"666";"PUNCAO TRANS-TRAQUEAL COM ASPIRACAO"
"3006";"TRATAMENTO CIRURGICO DE FISTULA URETRO-VAGINAL"
"3007";"EPISIOPERINEORRAFIA NAO OBSTETRICA"
"3012";"COLPOPLASTIA ANTERIOR"
"2922";"RESSECCAO DE GLANDULA SUBMANDIBULAR EM ONCOLOGIA"
"1127";"TRATAMENTO CIRURGICO DE CONTRATURA ISQUEMICA DE WOLKM"
"3028";"TRATAMENTO CIRURGICO DE ARTRITE INFECCIOSA DAS PEQUENAS ARTICULACOES"
"3029";"TENORRAFIA UNICA EM TUNEL OSTEO-FIBROSO"
"1261";"DESINSERCAO MUSCULAR"
"3032";"TENOMIORRAFIA"
"3033";"RETRACAO CICATRICIAL DOS DEDOS COM COMPROMETIMENTO TENDINOSO (POR DEDO)"
"3040";"RESSECCAO SIMPLES DE TUMOR OSSEO - DE PARTES MOLES"
"3082";"TRATAMENTO CIRURGICO DE FRATURA NIVEL C1 - C2 POR VIA ANTERIOR (OSTEOSSINTESE)"
"3083";"DESCOMPRESSAO OSSEA NA JUNCAO CRANIO-CERVICAL VIA POSTERIOR"
"3088";"TRATAMENTO CIRURGICO DE LESAO AGUDA CAPSULO-LIGAMENTAR MEMBRO INFERIOR (JOELHO - TORNOZELO)"
"3089";"TRATAMENTO CIRURGICO DE LESAO EVOLUTIVA FISARIA NO MEMBRO INFERIOR"
"2317";"BIOPSIA DE PROSTATA PERCUTANEA C/ECOG,TC OU RX"
"511";"AMPUTACAO DO ANTEBRACO"
"495";"AMPUTACAO DO BRACO"
"1893";"ALONGAMENTO DE TRAQUEOSTOMIA"
"2735";"TRATAMENTO CIRURGICO DE HEMATOMA INTRACEREBRAL (COM TECNICA COMPLEMENTAR)"
"2744";"TRATAMENTO CIRURGICO DE HEMATOMA SUBDURAL AGUDO"
"2745";"TRATAMENTO CIRURGICO DE PLATIBASIA E MALFORMACAO DE ARNOLD CHIARI"
"2746";"TREPANACAO CRANIANA  PARA PROPEDEUTICA OU TERAPEUTICA NEUROCIRURGICA (COM TECNICA COMPLEMENTAR)"
"2832";"ARTRODESE INTERSOMATICA VIA POSTERIOR - POSTERO-LATERAL QUATRO NIVEIS"
"2833";"ARTRODESE INTERSOMATICA VIA POSTERIOR - POSTERO-LATERAL TRES NIVEIS"
"2860";"TRATAMENTO CIRURGICO DE DEFORMIDADE DA COLUNA VIA POSTERIOR DOIS NIVEIS"
"2861";"TRATAMENTO CIRURGICO DE DEFORMIDADE DA COLUNA VIA ANTERO-POSTERIOR NOVE OU MAIS NIVEIS"
"2864";"TRATAMENTO CIRURGICO DE DEFORMIDADE DA COLUNA VIA ANTERIOR SETE NIVEIS"
"2968";"RESSECCAO PULMONAR ASSOCIADA A BRONCOPLASTIA- ARTERIOPLASTIA"
"2969";"TRATAMENTO CIRURGICO DE FRATURA - NECROSE OU INFECCAO DO ESTERNO"
"2976";"RETIRADA DE CORPO ESTRANHO DA PAREDE TORACICA"
"2977";"TRATAMENTO DE OUTROS TRANSTORNOS MATERNOS RELACIONADOS PREDOMINANTEMENTE A GRAVIDEZ"
"2996";"DESCOLAMENTO MANUAL DE PLACENTA"
"2997";"IMPLANTE DE PROTESE MAMARIA UNILATERAL POS TRATAMENTO DE COMPLICACAO DE IMPLANTE MAMARIO ANTERIOR"
"3036";"RETIRADA DE PROTESE DE SUBSTITUICAO EM PEQUENAS E MEDIAS ARTICULACOES"
"3037";"RETIRADA DE ESPACADORES - OUTROS MATERIAIS"
"3043";"REINSERCAO MUSCULAR"
"3050";"ENCURTAMENTO DE OSSOS LONGOS EXCETO DA MAO E DO PE"
"3051";"DESCOMPRESSAO COM ESVAZIAMENTO MEDULAR POR BROCAGEM - VIA CORTICOTOMIA"
"3054";"ARTROPLASTIA DE RESSECCAO DE PEQUENAS ARTICULACOES"
"3062";"CRANIOTOMIA DESCOMPRESSIVA DA FOSSA POSTERIOR"
"2722";"CRANIOTOMIA PARA RETIRADA DE CISTO-ABSCESSO-GRANULOMA ENCEFALICO(COM TECNICA COMPLEMENTAR)"
"3086";"DESCOMPRESSAO OSSEA NA JUNCAO CRANIO-CERVICAL VIA POSTERIOR COM DUROPLASTIA"
"3087";"COLEDOCOTOMIA VIDEOLAPAROSCOPICA"
"2748";"MICRONEURORRAFIA"
"2788";"ORQUIECTOMIA UNILATERAL EM ONCOLOGIA"
"2789";"RESSECCAO DE TUMORES MULTIPLOS E SIMULTANEOS DO TRATO URINARIO EM ONCOLOGIA"
"2790";"REIMPLANTE URETERAL EM ONCOLOGIA  - URETEROCISTONEOSTOMIA"
"2842";"ARTRODESE TORACO-LOMBO-SACRA POSTERIOR UM NIVEL"
"2848";"ARTRODESE TORACO-LOMBO-SACRA POSTERIOR CINCO NIVEIS"
"2847";"ARTRODESE TORACO-LOMBO-SACRA POSTERIOR QUATRO NIVEIS"
"2843";"TRATAMENTO CIRURGICO DE DEFORMIDADE DA COLUNA VIA POSTERIOR DEZ NIVEIS"
"2854";"TRATAMENTO CIRURGICO DE DEFORMIDADE DA COLUNA VIA POSTERIOR NOVE NIVEIS"
"2855";"TRATAMENTO CIRURGICO DE DEFORMIDADE DA COLUNA VIA POSTERIOR SEIS NIVEIS"
"2856";"TRATAMENTO CIRURGICO DE DEFORMIDADE DA COLUNA VIA POSTERIOR CINCO NIVEIS"
"2857";"TRATAMENTO CIRURGICO DE DEFORMIDADE DA COLUNA VIA POSTERIOR TRES NIVEIS"
"2862";"TRATAMENTO CIRURGICO DE DEFORMIDADE DA COLUNA VIA ANTERO- POSTERIOR ATE OITO NIVEIS"
"2863";"TRATAMENTO CIRURGICO DE DEFORMIDADE DA COLUNA VIA ANTERIOR OITO NIVEIS"
"2866";"TRATAMENTO CIRURGICO DE DEFORMIDADE DA COLUNA VIA ANTERIOR CINCO NIVEIS"
"2972";"TRATAMENTO CIRURGICO DE PAREDE TORACICA"
"1213";"EXERESE DE PARAFUSO"
"2881";"MAXILECTOMIA TOTAL EM ONCOLOGIA"
"2990";"REDUCAO MANUAL DE INVERSAO UTERINA AGUDA POS-PARTO"
"2991";"SUTURA DE LACERACOES DE TRAJETO PELVICO (NO PARTO ANTES DA ADMISSAO)"
"2992";"TRATAMENTO CIRURGICO DE INVERSAO UTERINA AGUDA POS PARTO"
"2993";"IMPLANTE  DE PROTESE MAMARIA BILATERAL POS TRATAMENTO DE COMPLICACAO DE IMPLANTE MAMARIO ANTERIOR"
"3038";"RETIRADA DE FIXADOR EXTERNO"
"2880";"MAXILECTOMIA PARCIAL EM ONCOLOGIA"
"2973";"HISTERECTOMIA PUERPERAL"
"3080";"RETIRADA DE CORPO ESTRANHO DA COLUNA TORACO-LOMBO-SACRA POR VIA POSTERIOR"
"2867";"ARTRODESE CERVICAL - CERVICO TORACICA POSTERIOR QUATRO NIVEIS"
"3066";"REVISAO DE ARTRODESE - TRATAMENTO CIRURGICO DE PSEUDARTOSE DA COLUNA TORACO-LOMBO-SACRA ANTERIOR"
"3067";"REVISAO DE ARTRODESE - TRATAMENTO CIRURGICO DE PSEUDARTROSE DA COLUNA TORACO-LOMBO-SACRA POSTERIOR"
"3072";"RESSECCAO DE 2 OU MAIS CORPOS VERTEBRAIS CERVICAIS"
"3073";"RESSECCAO DE ELEMENTO VERTEBRAL POSTERIOR - POSTERO-LATERAL - DISTAL A C2 (MAIS DE 2 SEGMENTOS)"
"3076";"RESSECCAO DE UM CORPO VERTEBRAL TORACO-LOMBO-SACRO"
"3077";"RETIRADA DE CORPO ESTRANHO DA COLUNA TORACO-LOMBO-SACRA POR VIA ANTERIOR"
"20495";"CORREÇÃO DE FÍSTULA RETO VAGINAL"
"307";"CURETAGEM UTERINA"
"2896";"ESVAZIAMENTO DE UTERO POS-ABORTO POR ASPIRACAO MANUAL INTRA-UTERINA (AMIU)"
"2566";"PARTO"
"2234";"CESAREANA"
"20003";"PARTO CESARIANO COM LAQUEADURA TUBARIA"
"1984";"VARICOCELECTOMIA DIR."
"2572";"DERMOLIPECTOMIA DE MEMBROS INFERIORES"
"20047";"SLING COM CORREÇÃO DE DISTOPIAS"
"20009";"MARSUPIALIZAÇÃO DE CISTO RENAL"
"20011";"OOFORECTOMIA BILATERAL VIDEOLAPAROSCÓPICA"
"20013";"OOFORECTOMIA UNILATERAL"
"20020";"RESSECÇÃO DE TUMOR DE BASE DE LÍNGUA"
"20025";"BIOPSIA NASAL ENDOSCÓPICA"
"20026";"EXERESE DE FIBROMA LINGUAL"
"20030";"EXERESE DE CISTO DE SKINE"
"20031";"EXCISÃO DE NEOPLASIA EM FOSSA PIRIFORME"
"20033";"EXÉRESE DE TUMOR PERINEAL"
"20035";"EXERESE DE NODULO EMPAREDE ABDOMINAL"
"20059";"TIMPANOMASTOIDECTOMIA"
"20038";"EXERESE DE CISTO PARA URETRAL"
"20034";"NEOVAGINOPLASTIA"
"20041";"EXERESE DE ENDOMETRIOMA"
"20045";"VIDEOLARINGOSCOPIA"
"20049";"EXERESE OU BIOPSIA LINFONODO SUPRACLAVICULAR"
"20051";"CIRURGIA DE MITROFANOFF"
"20053";"HERNIOPLASTIA LOMBAR"
"20055";"EXERESE OU AMPLIAÇÃO DE MARGEM CIRURGICA PROFUNDA"
"20057";"ADRENECTOMIA"
"20015";"COLPOPERINEOPLASTIA ANTERIOR E POSTERIOR"
"20050";"EXERESE OU BIOPSIA DE PÓLIPO EM CORDAL VOCAL"
"946";"DERMOLIPECTOMIA ABDOMINAL NAO ESTETICA"
"20019";"AMIGDALECTOMIA"
"20005";"VARICOCELECTOMIA UNILATERAL"
"20001";"QUADRANTECTOMIA + BLS"
"20023";"CIRURGIA DE ALTA FREQUENCIA"
"20046";"SLING"
"1548";"BIOPSIA DE NARIZ"
"3000";"SETORECTOMIA - QUADRANTECTOMIA"
"20007";"DERMOLIPECTOMIA COM HERNIOPLASTIA"
"20037";"ESVAZIAMENTO CERCICAL"
"20029";"MARSUPIALIZAÇÃO"
"20017";"BIOPSIA DE LINFONODO CERVICAL"
"20043";"URETERORRENOLITOTRIPSIA"
"20027";"CISTO CERVICAL"
"20063";"CONIZAÇÃO"
"20065";"EXERESE DE CISTO SEBÁCEO"
"741";"HERNIOPLASTIA HIATAL"
"2653";"HERNIOPLASTIA ASSISTIDA POR ROBÔ"
"2218";"URETROTOMIA INTERNA COM LASER"
"20073";"FISSURECTOMIA"
"1363";"FISSURECTOMIA COM OU SEM ESFINTERECTOMIA"
"20101";"CORREÇÃO DE RETOCELE"
"20079";"CIRURGIA DE MANCHESTER"
"1739";"HERNIOPLASTIA INGUINAL C/ TELA"
"20081";"COLPOPROMOTOFIXAÇÃO"
"20083";"ELETROCAUTERIZAÇÃO DE VERRUGAS GENITAIS"
"20085";"RETOPEXIA VIA ABDOMINAL"
"20087";"CORREÇÃO DE CISTO DE GASTHEIR"
"175";"SINUSOTOMIA TRANSMAXILAR"
"20093";"ECOCARDIOGRAMA TRANESOFÁGICO"
"20094";"CPRE"
"20095";"ENUCLEAÇÃO DE CISTO"
"20097";"HISTERECTOMIA COM ANEXECTOMIA"
"20099";"MIOMECTOMIA VAGINAL"
"20137";"RETALHO LOCAL"
"20091";"ARTERIOGRAFIA DE MEMBRO"
"20105";"AORTOGRAFIA"
"20111";"DRENAGEM BILIAR PERCUTÂNEA EXTERNA"
"20117";"ECOCARDIOGRAFIA TRANSESOFAGICA"
"20119";"RESSECÇÃO ENDOSCOPICA DE LESÃO DE LARINGE"
"20121";"ADRENELECTOMIA VDL"
"20039";"CORREÇÃO DE NINFOPLASTIA PRÉVIA"
"20124";"ISTMECTOMIA"
"20125";"EMINECTOMIA"
"20126";"REIMPLANTE DE URETER"
"20127";"DESCOMPRESSÃO DE NERVO MEDIANO"
"20131";"RESSECÇÃO DE GLANDULA SALIVAR"
"20133";"EXERESE E SUTURA DE LESÃO PERI AURICULAR"
"20138";"QUADRANTECTOMIA"
"20139";"RESSECÇÃO DE TUMOR EM PARTES MOLES DO PESCOÇO"
"20143";"REMOÇÃO DE PLACA"
"20145";"RESSECÇÃO DE DIVERTICULO DE ESOFAGO"
"20149";"RESSECÇÃO DE CISTO DERMÓIDE"
"20151";"RETIRADA DE BARRA DE NUSS"
"20155";"BIOPSIA EM TECIDO OSSEO"
"20109";"LAQUEADURA TUBÁRIA VIDEOLAPAROSCÓPICA"
"20115";"ECOCARDIOGRAFIA TRANSESOFÁGICA"
"20089";"EXODONTIAS MULTIPLAS"
"858";"PALATOPLASTIA COMPLETA"
"20113";"VIDEOLAPAROSCOPIA PARA TRATAMENTO DE ENDOMETRIOSE"
"20090";"ORTOGNATICA"
"20135";"DERMOLIPECTOMIA"
"20103";"URETEROLITOTRIPSIA"
"20107";"VIDEOLAPAROSCOPIA DIAGNÓSTICA"
"20061";"VIDEOHISTEROSCOPIA CIRURGICA"
"20123";"CURATIVO CIRURGICO SOB SEDAÇÃO"
"20147";"EXERESE DE NODULO DE MAMA"
"20129";"RINOPLASTIA"
"20141";"CIRURGIA CRANIO MAXILO FACIAL"
"20071";"EXERESE DE LESÃO DE PELE"
"20132";"RESSECÇÃO DE TUMOR CERVICAL"
"20067";"URETROTOMIA INTERNA"
"20075";"EXERESE OU AMPLIAÇÃO DE MARGEM EM ORELHA"
"20069";"EXERESE DE LESAO ASA NASA"
"20161";"RESSECÇÃO DE LOBLOSTOMIA"
"20163";"CONDILECTOMIA"
"20165";"EXERESE DE NERVO EM FACE"
"20167";"DEBRIDAMENTO CIRURGICO DE FERIDA OPERATORIA"
"20168";"RESSECÇÃO DE AMELOBLASTOMA"
"701";"FECHAMENTO DE GASTROSTOMIA"
"20169";"COLANGIOGRAFIA PERCUTANEA"
"20171";"TRATAMENTO DA SINDROME DO LIGAMENTO ANDROGENO"
"663";"PLEUROSCOPIA COM PLEURODESE"
"20172";"PLEUROSCOPIA COM LINFADENECTOMIA"
"20177";"ENXERTO EM BLOCOS"
"20179";"ENXERTO EM MAXILA"
"20180";"RESSECÇÃO DE CERATOCISTO"
"20181";"PERMCATH"
"20157";"CIRURGIA BARIATRICA POR VDL"
"20080";"QUEILOPLASTIA"
"3013";"SALPINGOPLASTIA VIDEOLAPAROSCOPICA"
"20189";"AMPUTAÇÃO DE MEMBRO SUPERIOR"
"20193";"EXERESE DE NEUROFIBROMA"
"1599";"EXERESE E SUTURA COM PLASTICA EM ""Z"""
"20225";"LAPAROSCOPIA GINECOLOGICA"
"20159";"CORREÇÃO DE DISTOPIAS"
"1427";"MAMOPLASTIA REDUTORA"
"20199";"TRATAMENTO CIRURGICO DE SINDROME COMPRESSIVA EM TUNEL OSTEO-FIBROSO AO NIVEL DO CARPO"
"20201";"EXTIRPACAO E SUPRESSAO DE LESAO DE PELE E DE TECIDO CELULAR SUBCUTANEO"
"20203";"RESSECÇÃO DO CÔNDILO MANDIBULAR COM OU SEM RECONSTRUÇÃO"
"20205";"RESSECÇÃO DE LESÃO DA BOCA"
"20207";"TRATAMENTO CIRURGICO DE DISRAFISMO ABERTO"
"20209";"TRATAMENTO CIRÚRGICO DE MAO OU PE EM FENDA DEDO BIFIDO MACRODACTILIA POLIDACTILIA"
"20211";"RESSECÇÃO DE TUMOR DO MEDIASTINO"
"20212";"ARTROPLASTIA DA ARTICULAÇÃO TÊMPORO-MANDIBULAR (RECIDIVANTE OU NÃO)"
"20213";"RECONSTRUÇÃO TOTAL OU PARCIAL DE NARIZ"
"20215";"RECONSTITUICAO PARCIAL DE PALPEBRA COM TARSORRAFIA"
"20217";"TRATAMENTO DE GINECOMASTIA OU PSEUDOGINECOMASTIA EM PACIENTE COM LIPODISTROFIA DECORRENTE DO USO DE ANTI-RETROVIRAIS"
"20219";"CORREÇÃO DE RETRACAO CICATRICIAL EM COTOVELO"
"20221";"CORRECAO DE RETRACAO CICATRICIAL EM VARIO ESTAGIOS"
"20223";"PERSUFLACAO POR DESOBSTRUCAO TUBARIA (POR TRATAMENTO COMPLETO)"
"20224";"RESSECÇÃO ALARGADA DE TUMOR DE PARTES MOLES DE PAREDE ABDOMINAL EM ONCOLOGIA"
"20231";"PLASTICA MAMARIA RECONSTRUTIVA PARA MASTECTOMIA COM PROTESE"
"20233";"ALVEOLOPLASTIA COM ENXERTO OSSEO EM PACIENTE COM ANOMALIA CRANIOFACIAL"
"20235";"REMOÇÃO DE DENTE RETIDO"
"20237";"TRATAMENTO CIRÚRGICO DE REFLUXO GASTROESOFAGICO"
"20239";"EXTIRPAÇÃO DE TUMOR DO CAVUM E FARINGE"
"20241";"RETIRADA DE CORPO ESTRANHO SUBCUTANEO"
"20243";"HERNIORRAFIA INGUINAL"
"20245";"PROSTATECTOMIA SUPRAPÚBICA"
"20247";"CORRECAO DE HERNIA INCISIONAL"
"20248";"EXENTERAÇÃO DE ORBITA"
"20187";"REVISÃO DE PRÓTESE"
"20227";"LAQUEADURA TUBARIA"
"20173";"RETIRADA DE TUBO T"
"20175";"TORACECTOMIA"
"20191";"DACRIOCISTORRINOSTOMIA"
"20195";"TRATAMENTO CIRURGICO DE LESOES EXTENSAS COM PERDA DE SUBSTANCIA CUTANEA"
"20249";"BIOPSIA DE GANGLIO LINFATICO"
"20251";"TRATAMENTO DE DOENCA DOS NEURONIOS MOTORES CENTRAIS COM OU SEM AMIOTROFIAS"
"2305";"CISTOPLASTIA"
"20253";"CORRECAO DE CISTOCELE"
"20255";"DIAGNOSTICO E OU ATENDIMENTO DE URGENCIA EM CLINICA CIRURGICA"
"20257";"EXERESE DE CISTO ODONTOGENICO E NAO ODONTOGENICO"
"20259";"TRATAMENTO CIRURGICO NAO ESTETICO DA ORELHA"
"20261";"SONDAGEM DE CANAL LACRIMAL SOB ANESTESIA GERAL"
"20263";"RESSECCAO ENDOSCOPICA DE PROSTATA"
"194";"MAXILECTOMIA"
"20265";"TRATAMENTO DE DOENCAS DO ESOFAGO ESTOMAGO E DUODENO"
"20269";"POSTECTOMIA"
"20271";"PLASTICA DE FREIO BALANO PREPUCIAL"
"20273";"NEUROLISE NAO FUNCIONAL DE NERVOS PERIFERICOS"
"20279";"BIÓPSIA INCISIONAL DE LESÃO MELÂNICA EM LÁBIO INFERIOR"
"20280";"BIOPSIA INCISIONAL DE LESÃO MELÂNICA EM LÁBIO INFERIOR"
"20281";"EXÉRESE DE CISTO BRANQUIAL"
"20283";"PLEUROSCOPIA DIAGNOSTICA"
"20285";"EXERESE DE TUMOR DE PALPEBRA"
"20287";"BRAQUIOPLASTIA"
"20289";"EXERESE DE QUELOIDE"
"20291";"CORREÇAO DE FIBROSE CUTANEA EM ABDOME"
"20293";"RESSECCAO DE TUMOR DE OUVIDO EXTERNO"
"20295";"GASTRODUODENOPANCREATECTOMIA"
"20299";"RESSECCAO DE LESAO FRONTAL"
"20301";"AMPUTAÇÃO DE DEDO"
"20327";"COLOCACAO DE TUBO T"
"1773";"OTOPLASTIA BILATERAL"
"20303";"OOFOROPLASTIA"
"311";"HISTERECTOMIA ABDOMINAL"
"2202";"HISTERECTOMIA VIDEOLAPAROSCOPICA"
"313";"HISTEROSCOPIA DIAGNOSTICA"
"20309";"DISCECTOMIA LOMBAR ENDOSCÓPICA"
"20311";"CORRECAO DE PTOSE PALPEBRAL"
"20329";"TRATAMENTO CIRURGICO DE ACALASIA"
"20197";"EXCISAO E SUTURA DE LESAO NA PELE COM PLASTICA EM Z OU ROTACAO DE RETALHO"
"20315";"EXERESE DE CISTO DERMOIDE"
"20319";"SINUSECTOMIA MAXILAR"
"20321";"ANGIOGRAFIA CEREBRAL"
"20323";"CORRECAO CIRURGICA DE ENTROPIO E ECTROPIO"
"20325";"DEBRIDAMENTO DE ULCERA DE TECIDOS DESVITALIZADOS"
"20333";"TRATAMENTO CIRURGICO DE CISTO"
"20331";"RECONSTRUCAO TOTAL OU PARCIAL DE NARIZ"
"286";"EXERESE DE CISTO DE VAGINA"
"20334";"TRATAMENTO CIRURGICO DE CISTO SACRO COCCIGEO"
"20335";"TRATAMENTO CIRURGICO DE URETEROCELE"
"20337";"LAPAROTOMIA VIDEOLAPAROSCOPICA PARA DRENAGEM"
"20339";"OSTEOTOMIA CRANIOFACIAL COMPLEXA"
"20341";"REMOÇÃO CIRÚRGICA DE FECALOMA"
"20343";"CORRECAO DE VARICOCELE BILATERAL"
"20317";"CARDIOMOPLASTIA"
"20275";"EXCISAO TIPO 3 DO COLO UTERINO"
"41";"PERINEOPLASTIA"
"20267";"VIDEOHISTEROSCOPIA DIAGNOSTICA"
"20277";"EXERESE DE LESAO DE PELE"
"20297";"RECONSTRUCAO DE LABIO INFERIOR"
"20313";"LABIOPLASTIA UNILATERAL EM DOIS TEMPOS"
"20345";"REMOCAO DE NODULO EM FACE"
"20347";"CORRECAO DE DIVERTICULO DE URETRA"
"20349";"EXCISAO E SUTURA DE HEMANGIOMA"
"20401";"RECONSTRUCAO CRANIANA  CRANIO FACIAL"
"20353";"VULVECTOMIA PARCIAL EM ONCOLOGIA"
"20355";"EXCISÃO E SUTURA DE LESÃO EM BOCA"
"20357";"MARSUPIALIZACAO DE GLÂNDULA DE BARTOLIN"
"20359";"RESSECCAO DE TUMOR RETROPERITONEAL"
"20441";"AORTOGRAFIA ABDOMINAL"
"20443";"RESSECCAO ENDOSCOPICA DE LESAO VESICAL"
"20361";"OOFOROPLASTIA POR VIDEO"
"20363";"REVERSAO DE MAMILO INVERTIDO"
"20365";"BIOPSIA DE OSSO OU CARTILAGEM DE MEMBRO INFERIOR"
"20367";"BLOQUEIOS PROLONGADOS DE SISTEMA NERVOSO PERIFERICO CENTRAL COM BOMBA DE INFUSAO"
"2542";"ARTERIOGRAFIA DE MEMBRO INFERIOR DIREITO"
"20369";"PANCREATECTOMIA POR VIDEO"
"20371";"CORRECAO CIRURGICA DE FISTULA ORO-NASAL ORO-SINUSAL"
"20373";"CORREÇÃO CIRÚRGICA DE FÍSTULA ORO-NASAL ORO-SINUSAL"
"20375";"TRATAMENTO CIRÚRGICO DE FÍSTULA VESICO-RETAL"
"20377";"TRATAMENTO CIRÚRGICO DE FÍSTULA VESICO RETAL"
"20379";"EXTIRPAÇÃO DE BÓCIO INTRATORÁCICO POR VIA TRANSESTERNAL"
"20381";"EXERESE DE TUMOR DE PELE E ANEXOS CISTO SEBACEO  LIPOMA"
"20383";"EXERESE DE TUMOR DE PELE E ANEXOS CISTO SEBACEO LIPOMA"
"20387";"PALATOPLASTIA PRIMÁRIA EM PACIENTE COM ANOMALIA CRÂNIO E BUCOMAXILOFACIAL"
"20389";"AMPUTACAO DESARTICULACAO DE MEMBROS INFERIORES"
"20391";"LINFADENECTOMIA PÉLVICA"
"20393";"OSTECTOMIA DE OSSOS LONGOS EXCETO DA MÃO E DO PÉ"
"20395";"DESCOMPRESSÃO DE ÓRBITA POR DOENÇA OU TRAUMA"
"20397";"EXERESE DE PAPILOMA EM LARINGE"
"20399";"TRATAMENTO DE PTOSE PALPEBRAL"
"20403";"TRATAMENTO MICROCIRURGICO DE TUMOR DE NERVO PERIFERICO NEUROMA"
"20404";"TRATAMENTO MICROCIRURGICO DE TUMOR DE NERVO PERIFERICO  NEUROMA"
"20405";"REDUCAO DE LUXACAO TEMPORO MANDIBULAR"
"20407";"RESSECCAO DE LESAO DE BOCA"
"20409";"LAPAROTOMIA PARA AVALIACAO DE TUMOR DE OVARIO EM ONCOLOGIA"
"20411";"BLS"
"20413";"BIOPSIA DE LESAO DE PARTES MOLES"
"20415";"LINFADENECTOMIA CERVICAL UNILATERAL EM ONCOLOGIA"
"20417";"RECONSTRUCAO DE PAREDE ABDOMINAL"
"20419";"EXCISAO DE LESAO TUMOR ANU RETAL"
"20421";"REPARO DE HIDROCELE"
"20423";"NINFOPLASTIA OU LABIOPLASTIA"
"20425";"PLASTICA MAMARIA MASCULINA"
"20427";"ENXERTO LIVRE DE PELE TOTAL"
"20429";"TRATAMENTO DE DOENCA DO OUVIDO EXTERNO MEDIO E DA MASTOIDE"
"20431";"RESSECCAO DE TUMOR E RECONSTRUCAO COM RETALHO NAO MICROCIRURGICO EXCETO MAO E PE"
"20433";"RETIRADA DE TUMOR DE PARTES MOLES"
"20435";"SINUSECTOMIA FRONTAL"
"20437";"SINUSECTOMIA ETNOIDAL"
"20439";"COLOCACAO DE PRÓTESE LARINGO TRAQUEAL"
"20351";"ENTERECTOMIA"
"20445";"PARTO CESARIANO EM GESTAÇÃO DE RISCO HABITUAL"
"20447";"RESSECCAO SIMPLES DE TUMOR OSSEO DE PARTES MOLES"
"20449";"BIOPSIA DE FARINGE LARINGE"
"20451";"LAPAROTOMIA VIDEOLAPAROSCOPICA PARA DRENAGEM E OU BIOPSIA"
"1618";"DEBRIDAMENTO CIRURGICO DE ULCERA OU NEC"
"20453";"MAMOPLASTIA POS BARIATRICA"
"20455";"PLASTICA DO FREIO PREPUCIO"
"20457";"SEPTOPLASTIA PARA CORRECAO DE DESVIO"
"718";"PAROTIDECTOMIA PARCIAL"
"2955";"TRATAMENTO ODONTOLOGICO PARA PACIENTES COM NECESSIDADES ESPECIAIS"
"378";"CORRECAO DE LABIO LEPORINO-PALATOPLASTIA"
"407";"DECORTICACAO PULMONAR"
"2914";"EXCISAO E ENXERTO DE PELE EM ONCOLOGIA"
"20153";"INJEÇÃO INTRATECTAL DE SPIRANZZA"
"2206";"OOFORECTOMIA BILATERAL VIDEOLAPAROSCOPICA"
"1878";"RECONSTRUCAO MAMARIA"
"20499";"PLEUROSCOPIA POR VIDEO"
"2562";"ARTERIOGRAFIA VISCERAL"
"20501";"APLICAÇÃO DE TOXINA BOTULINICA EM GLANDULA SALIVAR"
"426";"PANCREATECTOMIA PARCIAL"
"20503";"RECONSTRUCAO TOTAL DE CAVIDADE ORBITARIA"
"20504";"ENXERTO DERMO EPIDERMICO"
"1422";"TIMPANOTOMIA EXPLORADORA"
"948";"PLASTICA MAMARIA FEMININA NAO ESTETICA"
"1517";"BIOPSIA DE LINF"
"20507";"SLING COM CORRCAO DE DISTOPIAS"
"820";"HERNIORRAFIA DIAFRAGMATICA (VIA ABDOMINAL)"
"1295";"RETOSSIGMOIDECTOMIA E RETIRADA DE CORPO ESTRANHO"
"20330";"CARDIOMIOPLASTIA"
"20505";"EXERESE DE TUMOR DE VIAS AEREAS SUPERIORES FACE E PESCOCO"
"20519";"ENDOSCOPIA + LIGADURA"
"1281";"FECHAMENTO DE ENTEROSTOMIA (QUALQ SEGMENTO)"
"1986";"VARICOCELECTOMIA BILATERAL"
"2876";"RESSECCAO DE TUMOR DE PARTES MOLES EM ONCOLOGIA"
"822";"HERNIORRAFIA INGUINAL (BILATERAL)"
"20511";"BIOPSIA DE LESÃO OCULAR"
"527";"COLOCACAO DE CATETER"
"95";"RESSECCAO TRANS-URETRAL DE PROSTATA"
"1782";"HERNIOPLASTIA"
"2639";"SEGMENTECTOMIA PULMONAR"
"2974";"TORACECTOMIA SEM RECONSTRUCAO PARIETAL"
"182";"AMIDALECTOMIA COM ADENOIDECTOMIA"
"2205";"OOFORECTOMIA VIDEOLAPAROSCOPICA"
"1715";"URETROTOMIA P/RETIRADA CALCULO E CORPO ESTRANHO"
"20521";"ENDOSCOPIA + DILATAÇÃO"
"20522";"ENDOSCOPIA + POLIPECTOMIA"
"2185";"VIDEOLAPAROSCOPIA DIAGNOSTICA"
"2782";"CORRECAO DE HIPOSPADIA (2O TEMPO)"
"20513";"CORRECAO DE HIPOSPADIA (1º TEMPO)"
"20515";"PREPARO DE RETALHO"
"20517";"FECHAMENTO DE FISTULA TRAQUEOCUTANEA"
"20523";"ENDOSCOPIA + SNE"
"20525";"ENDOSCOPIA + MUCOSECTOMIA"
"20526";"ENDOSCOPIA + GTT"
"20527";"TROCA DE GTT"
"20528";"ENDOSCOPIA + ESCLEROTERAPIA"
"20529";"COLONOSCOPIA + POLIPECTOMIA"
"20531";"COLONOSCOPIA + MUCOSECTOMIA"
"20530";"COLONOSCOPIA + ESCLEROTERAPIA"
"20533";"DUODENOSCOPIA"
"20532";"POEM"
"20535";"EXCISÃO E SUTURA DE LESAO NA PELE COM PLÁSTICA EM Z OU ROTAÇÃO DE RETALHO"
"20537";"RESSECCAO DE CISTO SINOVIAL"
"2414";"BRONCOSCOPIA RIGIDA"
"20539";"TRATAMENTO CIRURGICO DE HIDROCELE"
"20541";"BULECTOMIA UNI OU BILATERAL"
"20543";"RETIRADA DE CATETER DUPLO J"
"20545";"COLANGIOPANCREATOGRAFIA RETROGRADA ENDOSCOPICA TERAPEUTICA"
"105";"BIOPSIA DE PENIS"
"1328";"EXERESE DE TUMOR DE PAREDE TORACICA"
"20547";"PAROTIDECTOMIA PARCIAL OU SUBTOTAL"
"20186";"IMPLANTE DE CATETER DE LONGA PERMANENCIA P HEMODIALISE"
"20549";"REPOSICIONAMENTO DE LENTE INTRAOCULAR"
"20077";"DILATAÇÃO DE ESTENOSE TRAQUEAL"
"20551";"RESSECCAO DE TUMOR EM PARTES MOLES DO PESCOCO"
"20021";"RESSECÇÃO DE GLÂNDULA SUBLINGUAL"
"20553";"PANCREATO DUODENECTOMIA"
"20556";"FLEBOGRAFIA DE MEMBRO SUPERIOR ESQUERDO"
"20555";"FLEBOGRAFIA DE MEMBRO SUPERIOR"
"20557";"BIÓPSIA RENAL PERCUTÂNEA"
"20559";"EXERESE DE LESOES CUTANEAS EM DORSO"
"20561";"TRATAMENTO CIRURGICO DE RINOFIMA"
"20563";"FISTULOTOMIA"
"1202";"TENOLISE"
"830";"REPARACAO DE OUTRAS HERNIAS"
"20565";"EXERESE DE GINECOMASTIA BILATERAL"
"20567";"RESSECCAO TRANS URETRAL DE COLO VESICAL"
"20569";"OSTEOTOMIA DA MANDIBULA"
"1446";"EXERESE DE CISTO SINOVIAL"
"20571";"TRATAMENTO CIRURGICO DE POLIDACTILIA NAO ARTICULADA"
"20573";"TRATAMENTO CIRURGICO DE HIPERTROFIA DOS PEQUENOS LABIOS"
"20575";"EXERESE DE LESAO DO CORDAO ESPERMATICO"
"20577";"ARTERIOGRAFIA DE CAROTIDAS"
"2556";"ARTERIOGRAFIA SELETIVA DE CAROTIDA"
"20579";"CONFECÇÃO FÍSTULA ARTERIO VENOSA"
"20581";"CONFECÇÃO DE FISTULA ARTERIO-VENOSA"
"20583";"TRATAMENTO DE OUTRAS ANOMALIAS CONGENITAS DO SISTEMA NERVOSO"
"20585";"HERNIOPLASTIA RECIDIVANTE"
"2620";"RESSECÇÃO DE TUMOR OSSEO E RECONSTRUÇÃO C/ RETALHO NÃO MICROCIRURGICO ( APENAS NA MÃO E PÉ)"
"20589";"ECOCARDIOGRAFIA TRANSTORACICA"
"519";"CIRURGIA DE MEGAESOFAGO"
"20591";"TRATAMENTO CIRÚRGICO DE AUSENCIA DO RETO (ABDOMINO-PERINEAL)"
"20592";"ORQUIDOPEXIA UNILATERAL"
"20593";"PLASTICA TOTAL DO PENIS"
"20595";"DERMOLIPECTOMIA ABDOMINAL CIRCUNFERENCIAL PÓS CIRURGIA BARIATRICA"
"20597";"DERMOLIPECTOMIA ABDOMINAL CIRCUNFERENCIAL POS CIRURGIA BARIATRICA"
"20603";"CORRECAO CIRURGICA DE FISTULA ORO NASAL ORO SINUSAL"
"2037";"FIBROBRONCOSCOPIA"
"390";"BRONCOSCOPIA"
"2146";"Colecistectomia videolaparoscopica"
"478";"COLECISTECTOMIA"
"20599";"OOFORECTOMIA  OOFOROPLASTIA"
"20601";"OOFORECTOMIA OOFOROPLASTIA"
"20605";"RECONSTITUICAO TOTAL DE PALPEBRA"
"20607";"DRENAGEM DE COLECAO PERI URETRAL"
"20587";"EXCISÃO TIPO 3 DO COLO UTERINO"
"1095";"BIOPSIA DE OSSO(S) DA PERNA"
"20609";"CARDIOTOMIA A HELLER"
"20611";"RECONSTRUCAO CRANIANA CRANIO-FACIAL"
"20613";"IMPLANTE DE MARCAPASSO TEMPORÁRIO"
"20615";"RINOPLASTIA EM PACIENTE COM ANOMALIA CRÂNIO E BUCOMAXILOFACIAL"
"20617";"DESCORTICAÇÃO PULMONAR"
